[0001201F],0.000000,0.001003,0.000000,0.005135,,,0
Atom::neighbor,0.060737,0.082433,0.310938,0.422009,CellSim,C:\Users\Carol\Desktop\CellSim\CellSim-build-desktop-Qt_4_7_4_for_Desktop_-_MinGW_4_4__Qt_SDK__Debug/../code/atom.cpp,40
WinMain,0.000000,19.532471,0.000000,99.994865,CellSim,c:\\ndk_builddirectory\\Qt\\4.7\\desktop_mingw\\src\\winmain/c:/ndk_buildrepos/qt-desktop/src/winmain/qtmain_win.cpp,92
QWidget::show,0.000000,19.532471,0.000000,99.994865,CellSim,[unknown],0
EntryPoint,0.000000,19.532471,0.000000,99.994865,CellSim,[unknown],0
qMain,0.000000,19.532471,0.000000,99.994865,CellSim,C:\Users\Carol\Desktop\CellSim\CellSim-build-desktop-Qt_4_7_4_for_Desktop_-_MinGW_4_4__Qt_SDK__Debug/../code/main.cpp,6
Atom::boundingRect,0.042954,0.042954,0.219899,0.219899,CellSim,C:\Users\Carol\Desktop\CellSim\CellSim-build-desktop-Qt_4_7_4_for_Desktop_-_MinGW_4_4__Qt_SDK__Debug/../code/atom.cpp,388
Bins::run3Bins,0.082883,0.163315,0.424313,0.836078,CellSim,C:\Users\Carol\Desktop\CellSim\CellSim-build-desktop-Qt_4_7_4_for_Desktop_-_MinGW_4_4__Qt_SDK__Debug/../code/bins.cpp,89
QPainter::drawRect,0.000000,0.496897,0.000000,2.543823,CellSim,C:\Users\Carol\Desktop\CellSim\CellSim-build-desktop-Qt_4_7_4_for_Desktop_-_MinGW_4_4__Qt_SDK__Debug/../code/elements/membrane.h,7
qSqrt,0.006002,0.006002,0.030727,0.030727,CellSim,C:\Users\Carol\Desktop\CellSim\CellSim-build-desktop-Qt_4_7_4_for_Desktop_-_MinGW_4_4__Qt_SDK__Debug/c:/QtSDK/Desktop/Qt/4.7.4/mingw/include/QtCore/qmath.h,206
Simulation::metaObject,0.000000,0.001000,0.000000,0.005119,CellSim,C:\Users\Carol\Desktop\CellSim\CellSim-build-desktop-Qt_4_7_4_for_Desktop_-_MinGW_4_4__Qt_SDK__Debug/debug/moc_simulation.cpp,50
qt_noop,0.001000,0.001000,0.005119,0.005119,CellSim,C:\Users\Carol\Desktop\CellSim\CellSim-build-desktop-Qt_4_7_4_for_Desktop_-_MinGW_4_4__Qt_SDK__Debug/c:/QtSDK/Desktop/Qt/4.7.4/mingw/include/QtCore/qdebug.h,281
_GLOBAL__I__Z20qInitResources_iconsv,0.000000,19.532471,0.000000,99.994865,CellSim,C:\Users\Carol\Desktop\CellSim\CellSim-build-desktop-Qt_4_7_4_for_Desktop_-_MinGW_4_4__Qt_SDK__Debug/debug/qrc_icons.cpp,36414
Atom::paint,0.000000,0.104021,0.000000,0.532527,CellSim,C:\Users\Carol\Desktop\CellSim\CellSim-build-desktop-Qt_4_7_4_for_Desktop_-_MinGW_4_4__Qt_SDK__Debug/../code/atom.cpp,393
Simulation::qt_metacall,0.000000,16.352391,0.000000,83.714709,CellSim,C:\Users\Carol\Desktop\CellSim\CellSim-build-desktop-Qt_4_7_4_for_Desktop_-_MinGW_4_4__Qt_SDK__Debug/debug/moc_simulation.cpp,63
Simulation::timerEvent,0.008973,3.090174,0.045937,15.819889,CellSim,C:\Users\Carol\Desktop\CellSim\CellSim-build-desktop-Qt_4_7_4_for_Desktop_-_MinGW_4_4__Qt_SDK__Debug/../code/simulation.cpp,192
Bins::runNeighbors,0.008877,0.174193,0.045445,0.891767,CellSim,C:\Users\Carol\Desktop\CellSim\CellSim-build-desktop-Qt_4_7_4_for_Desktop_-_MinGW_4_4__Qt_SDK__Debug/../code/bins.cpp,80
Bins::moveAtom,0.011020,0.011020,0.056416,0.056416,CellSim,C:\Users\Carol\Desktop\CellSim\CellSim-build-desktop-Qt_4_7_4_for_Desktop_-_MinGW_4_4__Qt_SDK__Debug/../code/bins.cpp,36
Simulation::drawForeground,0.000000,0.502893,0.000000,2.574519,CellSim,C:\Users\Carol\Desktop\CellSim\CellSim-build-desktop-Qt_4_7_4_for_Desktop_-_MinGW_4_4__Qt_SDK__Debug/../code/simulation.cpp,169
Atom::advance,0.007021,2.116506,0.035943,10.835277,CellSim,C:\Users\Carol\Desktop\CellSim\CellSim-build-desktop-Qt_4_7_4_for_Desktop_-_MinGW_4_4__Qt_SDK__Debug/../code/atom.cpp,409
QGraphicsItem::setPos,0.009971,2.095513,0.051046,10.727805,CellSim,C:\Users\Carol\Desktop\CellSim\CellSim-build-desktop-Qt_4_7_4_for_Desktop_-_MinGW_4_4__Qt_SDK__Debug/../code/elements/mitochondrion.h,7
Atom::getT,0.004000,0.010002,0.020478,0.051204,CellSim,C:\Users\Carol\Desktop\CellSim\CellSim-build-desktop-Qt_4_7_4_for_Desktop_-_MinGW_4_4__Qt_SDK__Debug/../code/atom.cpp,319
Atom::bounce,0.005828,0.005828,0.029836,0.029836,CellSim,C:\Users\Carol\Desktop\CellSim\CellSim-build-desktop-Qt_4_7_4_for_Desktop_-_MinGW_4_4__Qt_SDK__Debug/../code/atom.cpp,332
QPointF::y,0.004005,0.004005,0.020503,0.020503,CellSim,C:\Users\Carol\Desktop\CellSim\CellSim-build-desktop-Qt_4_7_4_for_Desktop_-_MinGW_4_4__Qt_SDK__Debug/c:/QtSDK/Desktop/Qt/4.7.4/mingw/include/QtCore/qpoint.h,262
QRectF::setRect,0.002973,0.002973,0.015220,0.015220,CellSim,C:\Users\Carol\Desktop\CellSim\CellSim-build-desktop-Qt_4_7_4_for_Desktop_-_MinGW_4_4__Qt_SDK__Debug/c:/QtSDK/Desktop/Qt/4.7.4/mingw/include/QtCore/qrect.h,755
Neuron::collide,0.000000,0.002863,0.000000,0.014657,CellSim,C:\Users\Carol\Desktop\CellSim\CellSim-build-desktop-Qt_4_7_4_for_Desktop_-_MinGW_4_4__Qt_SDK__Debug/../code/elements/neuron.cpp,12
Atom::runReaction,0.002024,0.002024,0.010362,0.010362,CellSim,C:\Users\Carol\Desktop\CellSim\CellSim-build-desktop-Qt_4_7_4_for_Desktop_-_MinGW_4_4__Qt_SDK__Debug/../code/atom.cpp,129
QPointF::x,0.002007,0.002007,0.010275,0.010275,CellSim,C:\Users\Carol\Desktop\CellSim\CellSim-build-desktop-Qt_4_7_4_for_Desktop_-_MinGW_4_4__Qt_SDK__Debug/c:/QtSDK/Desktop/Qt/4.7.4/mingw/include/QtCore/qpoint.h,257
Acid::collide,0.001982,0.001982,0.010147,0.010147,CellSim,C:\Users\Carol\Desktop\CellSim\CellSim-build-desktop-Qt_4_7_4_for_Desktop_-_MinGW_4_4__Qt_SDK__Debug/../code/elements/acid.cpp,14
qStringComparisonHelper,0.001860,0.001860,0.009522,0.009522,CellSim,C:\Users\Carol\Desktop\CellSim\CellSim-build-desktop-Qt_4_7_4_for_Desktop_-_MinGW_4_4__Qt_SDK__Debug/c:/QtSDK/Desktop/Qt/4.7.4/mingw/include/QtCore/qbytearray.h,587
QString::operator!=,0.000000,0.001860,0.000000,0.009522,CellSim,C:\Users\Carol\Desktop\CellSim\CellSim-build-desktop-Qt_4_7_4_for_Desktop_-_MinGW_4_4__Qt_SDK__Debug/c:/QtSDK/Desktop/Qt/4.7.4/mingw/include/QtCore/qstring.h,927
QScopedPointer<QObjectData, QScopedPointerDeleter<QObjectData> >::operator->,0.000000,0.001000,0.000000,0.005119,CellSim,C:\Users\Carol\Desktop\CellSim\CellSim-build-desktop-Qt_4_7_4_for_Desktop_-_MinGW_4_4__Qt_SDK__Debug/c:/QtSDK/Desktop/Qt/4.7.4/mingw/include/QtCore/qscopedpointer.h,110
GdiReleaseDC,0.013980,0.013980,0.071569,0.071569,GDI32,[unknown],0
BitBlt,0.615573,0.615573,3.151375,3.151375,GDI32,[unknown],0
GetCOPPCompatibleOPMInformation,0.016000,0.016000,0.081911,0.081911,GDI32,[unknown],0
SetDIBits,0.001000,0.001000,0.005119,0.005119,GDI32,[unknown],0
GetDeviceCaps,0.003006,0.003006,0.015389,0.015389,GDI32,[unknown],0
GetRandomRgn,0.002000,0.002000,0.010239,0.010239,GDI32,[unknown],0
SelectObject,0.001999,0.001999,0.010234,0.010234,GDI32,[unknown],0
GetCurrentThreadId,0.001006,0.001006,0.005150,0.005150,KERNELBASE,[unknown],0
ZNK5QRect8containsERKS_b,0.007980,0.011978,0.040853,0.061320,QtCored4,[unknown],0
ZNK5QRect10normalizedEv,0.007982,0.015979,0.040863,0.081803,QtCored4,[unknown],0
ZN16QCoreApplication9postEventEP7QObjectP6QEventi,0.000000,0.009997,0.000000,0.051179,QtCored4,[unknown],0
ZN16QCoreApplication16sendPostedEventsEP7QObjecti,0.000000,15.813420,0.000000,80.955492,QtCored4,[unknown],0
ZN8QVariantC1ERKS_,0.010016,0.024031,0.051276,0.123025,QtCored4,[unknown],0
ZNK6QLineF9intersectERKS_P7QPointF,0.003995,0.007993,0.020452,0.040920,QtCored4,[unknown],0
ZeqRK6QRectFS1_,0.002000,0.007068,0.010239,0.036184,QtCored4,[unknown],0
ZNK6QRectF13toAlignedRectEv,0.010126,0.198949,0.051839,1.018503,QtCored4,[unknown],0
ZN9QListData6appendEv,0.000000,0.044939,0.000000,0.230061,QtCored4,[unknown],0
ZN23QCoreApplicationPrivate29sendThroughObjectEventFiltersEP7QObjectP6QEvent,0.003003,14.070203,0.015374,72.031237,QtCored4,[unknown],0
ZN9QListData6appendEi,0.020960,0.044899,0.107303,0.229857,QtCored4,[unknown],0
ZNK8QVariant8userTypeEv,0.010471,0.010471,0.053605,0.053605,QtCored4,[unknown],0
ZN18QThreadStorageData6finishEPPv,0.003990,0.006986,0.020426,0.035764,QtCored4,[unknown],0
ZNK6QLineF7angleToERKS_,0.000000,0.007999,0.000000,0.040950,QtCored4,[unknown],0
ZN5QRectC1Ev,0.010996,0.010996,0.056293,0.056293,QtCored4,[unknown],0
ZN9QListData7reallocEi,0.000000,0.022933,0.000000,0.117404,QtCored4,[unknown],0
ZN7QObject9killTimerEi,0.000000,0.008026,0.000000,0.041088,QtCored4,[unknown],0
Z8qReallocPvj,0.000000,0.026942,0.000000,0.137927,QtCored4,[unknown],0
ZN21QEventDispatcherWin325eventEP6QEvent,0.000000,3.101210,0.000000,15.876387,QtCored4,[unknown],0
ZNK6QLineF6isNullEv,0.002008,0.008025,0.010280,0.041083,QtCored4,[unknown],0
ZN16QEventTransition11qt_metacallEN11QMetaObject4CallEiPPv,0.038975,0.139558,0.199529,0.714456,QtCored4,[unknown],0
ZN16QCoreApplication9postEventEP7QObjectP6QEvent,0.000000,0.008977,0.000000,0.045957,QtCored4,[unknown],0
ZN8QVariantD1Ev,0.007993,0.007993,0.040920,0.040920,QtCored4,[unknown],0
ZN9QListData6removeEi,0.037035,0.053011,0.189598,0.271385,QtCored4,[unknown],0
ZN8QProcess6d_funcEv,0.026037,0.026037,0.133294,0.133294,QtCored4,[unknown],0
ZN9QListData7prependEv,0.004023,0.015000,0.020595,0.076791,QtCored4,[unknown],0
ZNK15QBasicAtomicInteqEi,0.020029,0.020029,0.102537,0.102537,QtCored4,[unknown],0
ZN21QEventDispatcherWin3215unregisterTimerEi,0.000000,0.008026,0.000000,0.041088,QtCored4,[unknown],0
Z5qFreePv,0.000000,0.011992,0.000000,0.061392,QtCored4,[unknown],0
ZNK8QVariant9constDataEv,0.013990,0.013990,0.071621,0.071621,QtCored4,[unknown],0
ZN23QCoreApplicationPrivate34sendThroughApplicationEventFiltersEP7QObjectP6QEvent,0.003030,0.014076,0.015512,0.072061,QtCored4,[unknown],0
ZNK5QRect6isNullEv,0.021999,0.021999,0.112622,0.112622,QtCored4,[unknown],0
ZNK8QVariant6toSizeEv,0.003982,0.069800,0.020386,0.357335,QtCored4,[unknown],0
ZN23QCoreApplicationPrivate16sendPostedEventsEP7QObjectiP11QThreadData,0.002000,19.478674,0.010239,99.719456,QtCored4,[unknown],0
ZNK6QLineF5angleEv,0.003991,0.005991,0.020432,0.030670,QtCored4,[unknown],0
ZNK6QLineF10unitVectorEv,0.001999,0.005973,0.010234,0.030578,QtCored4,[unknown],0
ZNK5QRect10intersectsERKS_,0.009993,0.015994,0.051158,0.081880,QtCored4,[unknown],0
ZN9QHashData14destroyAndFreeEv,0.004016,0.004016,0.020560,0.020560,QtCored4,[unknown],0
Z6qIsNaNd,0.002016,0.004008,0.010321,0.020519,QtCored4,[unknown],0
Z7qMallocj,0.000000,0.004006,0.000000,0.020508,QtCored4,[unknown],0
ZN11QVectorData8allocateEii,0.000000,0.004006,0.000000,0.020508,QtCored4,[unknown],0
ZN10QEventLoop4execE6QFlagsINS_17ProcessEventsFlagEE,0.000000,19.532471,0.000000,99.994865,QtCored4,[unknown],0
ZN21QEventDispatcherWin326wakeUpEv,0.000000,0.004003,0.000000,0.020493,QtCored4,[unknown],0
ZNK18QThreadStorageData3getEv,0.002001,0.003999,0.010244,0.020473,QtCored4,[unknown],0
ZNK7QPointF1yEv,0.003998,0.003998,0.020467,0.020467,QtCored4,[unknown],0
ZN24QAbstractEventDispatcher8instanceEP7QThread,0.002000,0.003991,0.010239,0.020432,QtCored4,[unknown],0
ZNK7QPointF1xEv,0.003975,0.003975,0.020350,0.020350,QtCored4,[unknown],0
ZN11QVectorData4growEiiib,0.000000,0.003971,0.000000,0.020329,QtCored4,[unknown],0
ZN7QThread13currentThreadEv,0.000000,0.003015,0.000000,0.015435,QtCored4,[unknown],0
ZN9QInternal12callFunctionENS_16InternalFunctionEPPv,0.000993,0.003013,0.005084,0.015425,QtCored4,[unknown],0
ZN11QMetaObject8activateEP7QObjectPKS_iPPv,0.000000,0.003008,0.000000,0.015399,QtCored4,[unknown],0
ZN24QAbstractEventDispatcher5awakeEv,0.000000,0.003008,0.000000,0.015399,QtCored4,[unknown],0
ZN10QEventLoop13processEventsE6QFlagsINS_17ProcessEventsFlagEE,0.000000,19.532471,0.000000,99.994865,QtCored4,[unknown],0
ZN23QCoreApplicationPrivate19checkReceiverThreadEP7QObject,0.002999,0.002999,0.015353,0.015353,QtCored4,[unknown],0
ZrsR11QDataStreamR6QLineF,0.000000,0.002993,0.000000,0.015322,QtCored4,[unknown],0
ZN9QListData11detach_growEPii,0.001999,0.002990,0.010234,0.015307,QtCored4,[unknown],0
Z12qFreeAlignedPv,0.002988,0.002988,0.015297,0.015297,QtCored4,[unknown],0
ZNK5QRectanERKS_,0.001000,0.002975,0.005119,0.015230,QtCored4,[unknown],0
ZN16QCoreApplication4execEv,0.000000,19.532471,0.000000,99.994865,QtCored4,[unknown],0
ZN21QEventDispatcherWin3213processEventsE6QFlagsIN10QEventLoop17ProcessEventsFlagEE,0.000000,19.532471,0.000000,99.994865,QtCored4,[unknown],0
ZN6QMutex6unlockEv,0.000000,0.002028,0.000000,0.010382,QtCored4,[unknown],0
ZN15QBasicAtomicInt17testAndSetReleaseEii,0.002028,0.002028,0.010382,0.010382,QtCored4,[unknown],0
ZN12QMutexLockerD1Ev,0.000000,0.002028,0.000000,0.010382,QtCored4,[unknown],0
ZN12QMutexLocker6unlockEv,0.000000,0.002028,0.000000,0.010382,QtCored4,[unknown],0
ZN23QCoreApplicationPrivate22removePostedTimerEventEP7QObjecti,0.000000,0.002028,0.000000,0.010382,QtCored4,[unknown],0
ZN9QListData5eraseEPPv,0.002000,0.006004,0.010239,0.030737,QtCored4,[unknown],0
ZNK14QObjectPrivate6q_funcEv,0.002020,0.002020,0.010341,0.010341,QtCored4,[unknown],0
ZN7QObject6d_funcEv,0.000000,0.002020,0.000000,0.010341,QtCored4,[unknown],0
ZN14QObjectPrivate32removePendingChildInsertedEventsEP7QObject,0.002015,0.002015,0.010316,0.010316,QtCored4,[unknown],0
ZN5QLineC1Ev,0.000000,0.006009,0.000000,0.030763,QtCored4,[unknown],0
ZNK5QFlagcviEv,0.000000,0.002002,0.000000,0.010249,QtCored4,[unknown],0
ZN9QTimeLine10timerEventEP11QTimerEvent,0.002002,0.002002,0.010249,0.010249,QtCored4,[unknown],0
ZN9QHashData9hasShrunkEv,0.002002,0.002002,0.010249,0.010249,QtCored4,[unknown],0
ZN6QEventC2ENS_4TypeE,0.002001,0.002001,0.010244,0.010244,QtCored4,[unknown],0
ZNK11QMetaObject4castEP7QObject,0.001001,0.002001,0.005125,0.010244,QtCored4,[unknown],0
ZNK6QLineF6lengthEv,0.002000,0.002000,0.010239,0.010239,QtCored4,[unknown],0
Z19qInstallPathSysconfv,0.002000,0.002000,0.010239,0.010239,QtCored4,[unknown],0
zError,0.002000,0.002000,0.010239,0.010239,QtCored4,[unknown],0
Z10qShapeItemP14HB_ShaperItem_,0.000000,0.002000,0.000000,0.010239,QtCored4,[unknown],0
ZN9QInternal17activateCallbacksENS_8CallbackEPPv,0.000000,0.002000,0.000000,0.010239,QtCored4,[unknown],0
ZN5QRectC1Eiiii,0.006027,0.006027,0.030855,0.030855,QtCored4,[unknown],0
Z10qAllocMoreii,0.006964,0.006964,0.035652,0.035652,QtCored4,[unknown],0
Z19qcoreVariantHandlerv,0.001999,0.001999,0.010234,0.010234,QtCored4,[unknown],0
Z13winGetMessageP6tagMSGP6HWND__jj,0.001997,19.483665,0.010223,99.745007,QtCored4,[unknown],0
ZN24QAbstractEventDispatcher13registerTimerEiP7QObject,0.000000,0.001973,0.000000,0.010101,QtCored4,[unknown],0
ZNK9QListData3endEv,0.001973,0.001973,0.010101,0.010101,QtCored4,[unknown],0
ZN21QEventDispatcherWin3213registerTimerEiiP7QObject,0.000000,0.001973,0.000000,0.010101,QtCored4,[unknown],0
ZN7QObject10startTimerEi,0.000000,0.001973,0.000000,0.010101,QtCored4,[unknown],0
ZN16QCoreApplication14notifyInternalEP7QObjectP6QEvent,0.000000,19.473642,0.000000,99.693695,QtCored4,[unknown],0
ZN11QVectorData4freeEPS_i,0.001000,0.009011,0.005119,0.046131,QtCored4,[unknown],0
ZN12QMutexLocker6relockEv,0.000000,0.001006,0.000000,0.005150,QtCored4,[unknown],0
ZN6QMutex4lockEv,0.000000,0.001006,0.000000,0.005150,QtCored4,[unknown],0
ZN16QCoreApplication9sendEventEP7QObjectP6QEvent,0.000000,19.471634,0.000000,99.683415,QtCored4,[unknown],0
ZNK11QTranslator7isEmptyEv,0.015346,0.017345,0.078563,0.088796,QtCored4,[unknown],0
ZNK7QStringeqERK13QLatin1String,0.000000,0.001003,0.000000,0.005135,QtCored4,[unknown],0
ZNK9QListData7isEmptyEv,0.001000,0.001000,0.005119,0.005119,QtCored4,[unknown],0
Z6qDebugv,0.046071,0.103049,0.235857,0.527551,QtCored4,[unknown],0
ZN11QTimerEventC1Ei,0.001000,0.001000,0.005119,0.005119,QtCored4,[unknown],0
ZN7QObject5eventEP6QEvent,0.003002,19.445567,0.015368,99.549967,QtCored4,[unknown],0
ZNK5QLineeqERKS_,0.000000,0.001000,0.000000,0.005119,QtCored4,[unknown],0
ZN11QMetaObject8metacallEP7QObjectNS_4CallEiPPv,0.000000,16.352391,0.000000,83.714709,QtCored4,[unknown],0
ZN14QMetaCallEvent13placeMetaCallEP7QObject,0.000000,16.352391,0.000000,83.714709,QtCored4,[unknown],0
ZN11QBasicTimer4stopEv,0.000000,0.000999,0.000000,0.005114,QtCored4,[unknown],0
ZN21QEventDispatcherWin326d_funcEv,0.000999,0.000999,0.005114,0.005114,QtCored4,[unknown],0
ZN11QBasicTimer5startEiP7QObject,0.000000,0.000999,0.000000,0.005114,QtCored4,[unknown],0
ZNK6QEvent4typeEv,0.000998,0.000998,0.005109,0.005109,QtCored4,[unknown],0
[68F53833],0.124362,0.124362,0.636661,0.636661,QtGuid4,,0
[68F53D26],0.124029,0.124029,0.634956,0.634956,QtGuid4,,0
ZN8QPainterC1EP12QPaintDevice,0.001000,0.121069,0.005119,0.619803,QtGuid4,[unknown],0
ZN8QPainter5beginEP12QPaintDevice,0.008045,0.121068,0.041186,0.619798,QtGuid4,[unknown],0
Z7qIsGrayj,0.116249,0.116249,0.595127,0.595127,QtGuid4,[unknown],0
[68F58943],0.115998,0.115998,0.593842,0.593842,QtGuid4,,0
Z6qGreenj,0.114986,0.114986,0.588661,0.588661,QtGuid4,[unknown],0
ZNK20QGraphicsItemPrivate21effectiveBoundingRectEP13QGraphicsItem,0.040977,0.114942,0.209778,0.588436,QtGuid4,[unknown],0
[68F53B92],0.111915,0.111915,0.572940,0.572940,QtGuid4,,0
[68F53C6A],0.106150,0.106150,0.543426,0.543426,QtGuid4,,0
[68F53B16],0.105575,0.105575,0.540482,0.540482,QtGuid4,,0
[68F58995],0.104942,0.104942,0.537242,0.537242,QtGuid4,,0
[68F53D59],0.104012,0.104012,0.532481,0.532481,QtGuid4,,0
[68F53AFC],0.103586,0.103586,0.530300,0.530300,QtGuid4,,0
ZNK5QMenu6d_funcEv,0.091201,0.101199,0.466896,0.518080,QtGuid4,[unknown],0
[68F53AAC],0.098679,0.098679,0.505179,0.505179,QtGuid4,,0
[68F53D73],0.098172,0.098172,0.502583,0.502583,QtGuid4,,0
ZNK6QBrushneERKS_,0.000000,0.098007,0.000000,0.501739,QtGuid4,[unknown],0
[68F5891A],0.097943,0.097943,0.501411,0.501411,QtGuid4,,0
[68F53D16],0.097364,0.097364,0.498447,0.498447,QtGuid4,,0
ZN6QBrush8data_ptrEv,0.020027,0.094010,0.102527,0.481276,QtGuid4,[unknown],0
[68F53D6F],0.093908,0.093908,0.480754,0.480754,QtGuid4,,0
[68F53CEA],0.092772,0.092772,0.474939,0.474939,QtGuid4,,0
[68F538E1],0.092010,0.092010,0.471038,0.471038,QtGuid4,,0
[68F53B4E],0.091707,0.091707,0.469486,0.469486,QtGuid4,,0
[68F5380F],0.088353,0.088353,0.452316,0.452316,QtGuid4,,0
[68F538F1],0.085175,0.085175,0.436046,0.436046,QtGuid4,,0
ZN18QCommandLinkButton6d_funcEv,0.016053,0.084080,0.082182,0.430441,QtGuid4,[unknown],0
[68F537F3],0.083159,0.083159,0.425726,0.425726,QtGuid4,,0
ZNK10QTransform4typeEv,0.047012,0.083006,0.240674,0.424942,QtGuid4,[unknown],0
[68F53A20],0.082835,0.082835,0.424067,0.424067,QtGuid4,,0
ZN20QGraphicsItemPrivate30updateSceneTransformFromParentEv,0.004001,0.081902,0.020483,0.419290,QtGuid4,[unknown],0
[68F53D7A],0.081827,0.081827,0.418907,0.418907,QtGuid4,,0
[68F53891],0.080389,0.080389,0.411545,0.411545,QtGuid4,,0
[68F538CD],0.080347,0.080347,0.411330,0.411330,QtGuid4,,0
[68F537CB],0.078072,0.078072,0.399683,0.399683,QtGuid4,,0
ZNK7QRegion10intersectsERK5QRect,0.022033,0.076510,0.112796,0.391687,QtGuid4,[unknown],0
ZN8QPainter10redirectedEPK12QPaintDeviceP6QPoint,0.000000,0.075932,0.000000,0.388728,QtGuid4,[unknown],0
[68F537C3],0.075593,0.075593,0.386992,0.386992,QtGuid4,,0
ZN15QAbstractSlider6d_funcEv,0.075079,0.075079,0.384361,0.384361,QtGuid4,[unknown],0
[68F53782],0.000000,0.073937,0.000000,0.378514,QtGuid4,,0
ZN10QTransformC1EN2Qt14InitializationE,0.047638,0.073622,0.243879,0.376902,QtGuid4,[unknown],0
ZN18QItemEditorFactoryC2Ev,0.034003,0.072030,0.174076,0.368752,QtGuid4,[unknown],0
ZN7QPixmapD1Ev,0.016854,0.071542,0.086283,0.366253,QtGuid4,[unknown],0
ZNK7QTabBar6d_funcEv,0.061104,0.071139,0.312817,0.364190,QtGuid4,[unknown],0
ZNK7QPixmapntEv,0.067085,0.068088,0.343436,0.348571,QtGuid4,[unknown],0
ZN11QStrokerOps3endEv,0.000000,0.066051,0.000000,0.338143,QtGuid4,[unknown],0
ZN8QStroker21processCurrentSubpathEv,0.000000,0.066051,0.000000,0.338143,QtGuid4,[unknown],0
[68F53985],0.065999,0.065999,0.337876,0.337876,QtGuid4,,0
[68F539C1],0.065911,0.065911,0.337426,0.337426,QtGuid4,,0
[68F53D32],0.065454,0.065454,0.335086,0.335086,QtGuid4,,0
[68F537FF],0.063974,0.063974,0.327510,0.327510,QtGuid4,,0
ZNK5QFont7resolveEv,0.047013,0.063952,0.240679,0.327397,QtGuid4,[unknown],0
[68F53CF6],0.062650,0.062650,0.320731,0.320731,QtGuid4,,0
ZNK10QTransform7mapRectERK6QRectF,0.014040,0.060582,0.071877,0.310145,QtGuid4,[unknown],0
[68F53CCA],0.059960,0.059960,0.306960,0.306960,QtGuid4,,0
[68F538E9],0.059902,0.059902,0.306663,0.306663,QtGuid4,,0
[68F5379A],0.059882,0.059882,0.306561,0.306561,QtGuid4,,0
ZN10QTransform13fromTranslateEdd,0.019901,0.059874,0.101882,0.306520,QtGuid4,[unknown],0
[68F53A06],0.057972,0.057972,0.296783,0.296783,QtGuid4,,0
[68F537AB],0.056328,0.056328,0.288367,0.288367,QtGuid4,,0
ZN10QTransformmLERKS_,0.023947,0.055940,0.122595,0.286380,QtGuid4,[unknown],0
[68F53B04],0.055874,0.055874,0.286042,0.286042,QtGuid4,,0
[68F538B1],0.054761,0.054761,0.280344,0.280344,QtGuid4,,0
[68F5384C],0.054033,0.054033,0.276617,0.276617,QtGuid4,,0
ZN8QPainter8drawTextERK6QRectFiRK7QStringPS0_,0.000000,0.053980,0.000000,0.276346,QtGuid4,[unknown],0
ZN7QPixmapaSERKS_,0.006005,0.053874,0.030742,0.275803,QtGuid4,[unknown],0
[68F5383B],0.052367,0.052367,0.268089,0.268089,QtGuid4,,0
[68F53CD2],0.052275,0.052275,0.267618,0.267618,QtGuid4,,0
ZN8QPainter8initFromEPK7QWidget,0.000000,0.052095,0.000000,0.266696,QtGuid4,[unknown],0
[68F53B96],0.052073,0.052073,0.266583,0.266583,QtGuid4,,0
[68F53933],0.051972,0.051972,0.266066,0.266066,QtGuid4,,0
ZNK20QGraphicsItemPrivate26sceneEffectiveBoundingRectEv,0.019053,0.051099,0.097540,0.261597,QtGuid4,[unknown],0
[68F53B72],0.050081,0.050081,0.256386,0.256386,QtGuid4,,0
[68F5391F],0.049973,0.049973,0.255833,0.255833,QtGuid4,,0
ZN8QPainter11drawEllipseERK6QRectF,0.000000,0.048014,0.000000,0.245804,QtGuid4,[unknown],0
[68F536D1],0.048003,0.048003,0.245747,0.245747,QtGuid4,,0
ZN27QGraphicsSceneDragDropEvent6d_funcEv,0.018040,0.047029,0.092354,0.240761,QtGuid4,[unknown],0
ZN11QColumnView6d_funcEv,0.040072,0.046080,0.205145,0.235903,QtGuid4,[unknown],0
[68F53A8C],0.046039,0.046039,0.235693,0.235693,QtGuid4,,0
ZN14QPaintEngineEx11drawEllipseERK6QRectF,0.000000,0.046015,0.000000,0.235570,QtGuid4,[unknown],0
[68F536C1],0.045996,0.045996,0.235473,0.235473,QtGuid4,,0
[68F5384F],0.045991,0.045991,0.235447,0.235447,QtGuid4,,0
[68F53A38],0.045988,0.045988,0.235432,0.235432,QtGuid4,,0
[68F539CD],0.045966,0.045966,0.235319,0.235319,QtGuid4,,0
[68F53D4B],0.045961,0.045961,0.235294,0.235294,QtGuid4,,0
[68F53C82],0.044602,0.044602,0.228336,0.228336,QtGuid4,,0
ZN6QMovie6d_funcEv,0.036359,0.044375,0.186137,0.227174,QtGuid4,[unknown],0
[68F539B1],0.044025,0.044025,0.225382,0.225382,QtGuid4,,0
ZN14QPaintEngineEx4drawERK11QVectorPath,0.000000,0.044016,0.000000,0.225336,QtGuid4,[unknown],0
[68F539FE],0.043953,0.043953,0.225014,0.225014,QtGuid4,,0
[68F53B2E],0.043948,0.043948,0.224988,0.224988,QtGuid4,,0
[68F53B5A],0.043910,0.043910,0.224794,0.224794,QtGuid4,,0
ZNK6QImage5depthEv,0.043432,0.043432,0.222347,0.222347,QtGuid4,[unknown],0
[68F5394D],0.042031,0.042031,0.215174,0.215174,QtGuid4,,0
ZN12QPaintDeviceD2Ev,0.016011,0.041973,0.081967,0.214877,QtGuid4,[unknown],0
[68F53D80],0.040027,0.040027,0.204915,0.204915,QtGuid4,,0
[68F53D61],0.039970,0.039970,0.204623,0.204623,QtGuid4,,0
ZN8QToolTip7setFontERK5QFont,0.018516,0.039886,0.094791,0.204193,QtGuid4,[unknown],0
ZNK10QTransform11inline_typeEv,0.024026,0.038959,0.122999,0.199447,QtGuid4,[unknown],0
ZN23QImageTextureGlyphCache11fillTextureERKN18QTextureGlyphCache5CoordEj,0.004027,0.038020,0.020616,0.194640,QtGuid4,[unknown],0
[68F537B1],0.038000,0.038000,0.194538,0.194538,QtGuid4,,0
[68F53D1E],0.037985,0.037985,0.194461,0.194461,QtGuid4,,0
[68F53D7D],0.037980,0.037980,0.194435,0.194435,QtGuid4,,0
ZNK12QPaintDevice14paintingActiveEv,0.037872,0.037872,0.193883,0.193883,QtGuid4,[unknown],0
ZN7QTabBar6d_funcEv,0.010043,0.036047,0.051414,0.184540,QtGuid4,[unknown],0
[68F53C48],0.036025,0.036025,0.184427,0.184427,QtGuid4,,0
ZN12QPixmapCache3KeyC1ERKS0_,0.036013,0.036013,0.184366,0.184366,QtGuid4,[unknown],0
[68F53C2C],0.036002,0.036002,0.184309,0.184309,QtGuid4,,0
[68F539E6],0.035960,0.035960,0.184094,0.184094,QtGuid4,,0
[68F53923],0.035887,0.035887,0.183721,0.183721,QtGuid4,,0
[68F588F8],0.034920,0.034920,0.178770,0.178770,QtGuid4,,0
[68F53965],0.034535,0.034535,0.176799,0.176799,QtGuid4,,0
ZN5QMenu6d_funcEv,0.030008,0.034060,0.153623,0.174367,QtGuid4,[unknown],0
[68F537D3],0.034030,0.034030,0.174214,0.174214,QtGuid4,,0
[68F53A84],0.033997,0.033997,0.174045,0.174045,QtGuid4,,0
[68F537B7],0.033994,0.033994,0.174029,0.174029,QtGuid4,,0
Z17qt_memrotate90_glPKjiiiPji,0.007972,0.033992,0.040812,0.174019,QtGuid4,[unknown],0
[68F53D86],0.033960,0.033960,0.173855,0.173855,QtGuid4,,0
ZNK13QGraphicsItem8hasFocusEv,0.010000,0.032610,0.051194,0.166944,QtGuid4,[unknown],0
[68F53AD8],0.032526,0.032526,0.166514,0.166514,QtGuid4,,0
[68F53991],0.032097,0.032097,0.164318,0.164318,QtGuid4,,0
ZNK12QPaintEngine10systemRectEv,0.024038,0.032040,0.123061,0.164026,QtGuid4,[unknown],0
ZN25QGraphicsSceneResizeEvent6d_funcEv,0.028007,0.032004,0.143380,0.163842,QtGuid4,[unknown],0
[68F53B46],0.031967,0.031967,0.163652,0.163652,QtGuid4,,0
[68F58953],0.030979,0.030979,0.158594,0.158594,QtGuid4,,0
ZNK7QWidget4rectEv,0.017959,0.030704,0.091940,0.157187,QtGuid4,[unknown],0
[68F539B9],0.030157,0.030157,0.154386,0.154386,QtGuid4,,0
[68F5890B],0.029975,0.029975,0.153455,0.153455,QtGuid4,,0
[68F537E3],0.029968,0.029968,0.153419,0.153419,QtGuid4,,0
[68F53774],0.029959,0.029959,0.153373,0.153373,QtGuid4,,0
ZN9QTextLine13layout_helperEi,0.000000,0.029953,0.000000,0.153342,QtGuid4,[unknown],0
ZN9QTextLine12setLineWidthEd,0.000000,0.029953,0.000000,0.153342,QtGuid4,[unknown],0
ZmlRK9QPolygonFRK10QTransform,0.015063,0.029074,0.077114,0.148842,QtGuid4,[unknown],0
ZNK10QTransform8invertedEPb,0.004532,0.028516,0.023201,0.145985,QtGuid4,[unknown],0
[68F537F7],0.028317,0.028317,0.144967,0.144967,QtGuid4,,0
ZN8QPainter6d_funcEv,0.010056,0.028100,0.051481,0.143856,QtGuid4,[unknown],0
[68F53C0C],0.028041,0.028041,0.143554,0.143554,QtGuid4,,0
ZNK14QGraphicsScene16mouseGrabberItemEv,0.018025,0.028019,0.092277,0.143441,QtGuid4,[unknown],0
ZN8QStroker10joinPointsEddRK6QLineFNS_12LineJoinModeE,0.000000,0.028008,0.000000,0.143385,QtGuid4,[unknown],0
ZN7QMatrixC1ERKS_,0.027981,0.027981,0.143246,0.143246,QtGuid4,[unknown],0
[68F53BF0],0.027957,0.027957,0.143124,0.143124,QtGuid4,,0
[68F53B9E],0.027938,0.027938,0.143026,0.143026,QtGuid4,,0
ZN6QColorC1Ev,0.027030,0.027030,0.138378,0.138378,QtGuid4,[unknown],0
[68F53BC0],0.026155,0.026155,0.133898,0.133898,QtGuid4,,0
ZNK5QFont14lastResortFontEv,0.000000,0.025997,0.000000,0.133089,QtGuid4,[unknown],0
ZN14QPaintEngineEx5stateEv,0.025989,0.025989,0.133049,0.133049,QtGuid4,[unknown],0
ZNK12QPaintDevice11logicalDpiYEv,0.001000,0.025979,0.005119,0.132997,QtGuid4,[unknown],0
ZN5QFontC1ERKS_P12QPaintDevice,0.000000,0.025979,0.000000,0.132997,QtGuid4,[unknown],0
[68F53AF4],0.025965,0.025965,0.132926,0.132926,QtGuid4,,0
ZN10QTransformC1Edddddddddb,0.021990,0.025960,0.112576,0.132900,QtGuid4,[unknown],0
ZNK8QPainter14worldTransformEv,0.015923,0.025957,0.081516,0.132885,QtGuid4,[unknown],0
ZN7QPixmap8data_ptrEv,0.021656,0.025646,0.110866,0.131293,QtGuid4,[unknown],0
ZNK7QWidget7paletteEv,0.000000,0.025070,0.000000,0.128344,QtGuid4,[unknown],0
ZN7QWidget6updateEv,0.001000,0.025016,0.005119,0.128067,QtGuid4,[unknown],0
ZNK7QWidget6metricEN12QPaintDevice17PaintDeviceMetricE,0.009974,0.024979,0.051061,0.127878,QtGuid4,[unknown],0
ZNK14QGraphicsScene8isActiveEv,0.014567,0.024612,0.074575,0.125999,QtGuid4,[unknown],0
[68F537A0],0.024309,0.024309,0.124448,0.124448,QtGuid4,,0
[68F53DB7],0.024261,0.024261,0.124202,0.124202,QtGuid4,,0
[68F53C8A],0.024062,0.024062,0.123183,0.123183,QtGuid4,,0
ZN8QPainter10setOpacityEd,0.013988,0.024017,0.071610,0.122953,QtGuid4,[unknown],0
[68F53CF2],0.023953,0.023953,0.122625,0.122625,QtGuid4,,0
[68F53CE2],0.023921,0.023921,0.122462,0.122462,QtGuid4,,0
[68F5892A],0.022967,0.022967,0.117578,0.117578,QtGuid4,,0
ZNK25QGraphicsSceneResizeEvent6d_funcEv,0.007990,0.022733,0.040904,0.116380,QtGuid4,[unknown],0
ZN8QToolTip8hideTextEv,0.022463,0.022463,0.114997,0.114997,QtGuid4,[unknown],0
[68F58991],0.022458,0.022458,0.114972,0.114972,QtGuid4,,0
ZN7QWidget6updateERK5QRect,0.001000,0.022014,0.005119,0.112699,QtGuid4,[unknown],0
[68F5893F],0.022012,0.022012,0.112689,0.112689,QtGuid4,,0
[68F53D3A],0.022007,0.022007,0.112663,0.112663,QtGuid4,,0
ZN11QFontEngine16getGlyphBearingsEjPdS0_,0.000000,0.021998,0.000000,0.112617,QtGuid4,[unknown],0
ZN9QTextLine13setNumColumnsEid,0.000000,0.021998,0.000000,0.112617,QtGuid4,[unknown],0
ZN11QFontEngine16lastRightBearingERK12QGlyphLayoutb,0.000000,0.021998,0.000000,0.112617,QtGuid4,[unknown],0
ZN14QDragMoveEvent6ignoreEv,0.000000,0.021998,0.000000,0.112617,QtGuid4,[unknown],0
ZNK20QGraphicsItemPrivate21effectiveBoundingRectERK6QRectF,0.004995,0.021984,0.025571,0.112545,QtGuid4,[unknown],0
[68F538F9],0.021945,0.021945,0.112346,0.112346,QtGuid4,,0
[68F53903],0.021883,0.021883,0.112028,0.112028,QtGuid4,,0
[68F53CFE],0.021867,0.021867,0.111946,0.111946,QtGuid4,,0
[68F5897C],0.021354,0.021354,0.109320,0.109320,QtGuid4,,0
ZN20QGraphicsViewPrivate10updateRectERK5QRect,0.001002,0.021012,0.005130,0.107569,QtGuid4,[unknown],0
[68F58968],0.020920,0.020920,0.107098,0.107098,QtGuid4,,0
ZNK6QColor7lighterEi,0.014826,0.020858,0.075900,0.106781,QtGuid4,[unknown],0
ZN7QRegionD1Ev,0.000000,0.020065,0.000000,0.102721,QtGuid4,[unknown],0
[68F53DB9],0.020032,0.020032,0.102552,0.102552,QtGuid4,,0
ZNK8QPainter6d_funcEv,0.005996,0.020029,0.030696,0.102537,QtGuid4,[unknown],0
ZNK8QPainter7opacityEv,0.012002,0.019997,0.061443,0.102373,QtGuid4,[unknown],0
[68F53AB8],0.019992,0.019992,0.102347,0.102347,QtGuid4,,0
[68F53CAA],0.019978,0.019978,0.102276,0.102276,QtGuid4,,0
[68F58963],0.019048,0.019048,0.097515,0.097515,QtGuid4,,0
ZN10QTransformC1Ev,0.012980,0.019035,0.066450,0.097448,QtGuid4,[unknown],0
[68F589A2],0.018946,0.018946,0.096992,0.096992,QtGuid4,,0
ZNK19QAbstractScrollArea6d_funcEv,0.018920,0.018920,0.096859,0.096859,QtGuid4,[unknown],0
[68F53BD8],0.018631,0.018631,0.095380,0.095380,QtGuid4,,0
[68F53E40],0.018479,0.018479,0.094602,0.094602,QtGuid4,,0
ZN14QGraphicsScene6d_funcEv,0.016260,0.018261,0.083242,0.093486,QtGuid4,[unknown],0
ZN20QGraphicsItemPrivate13isOpacityNullEd,0.018033,0.018033,0.092318,0.092318,QtGuid4,[unknown],0
Z14qt_draw_helperP15QPainterPrivateRK12QPainterPathNS_13DrawOperationE,0.016028,0.018029,0.082054,0.092298,QtGuid4,[unknown],0
[68F536EA],0.018025,0.018025,0.092277,0.092277,QtGuid4,,0
[68F53A0E],0.018004,0.018004,0.092170,0.092170,QtGuid4,,0
ZN7QPixmap4initEiii,0.005997,0.017992,0.030701,0.092109,QtGuid4,[unknown],0
ZN8QPainter3endEv,0.001996,0.017992,0.010218,0.092109,QtGuid4,[unknown],0
[68F53749],0.017982,0.017982,0.092057,0.092057,QtGuid4,,0
ZN8QPainter15drawCubicBezierERK8QPolygoni,0.009990,0.017961,0.051143,0.091950,QtGuid4,[unknown],0
[68F53DA7],0.017942,0.017942,0.091853,0.091853,QtGuid4,,0
ZN13QGraphicsItem6d_funcEv,0.001998,0.017935,0.010229,0.091817,QtGuid4,[unknown],0
[68F5899B],0.017866,0.017866,0.091464,0.091464,QtGuid4,,0
[68F537EB],0.017857,0.017857,0.091417,0.091417,QtGuid4,,0
[68F53AA4],0.017654,0.017654,0.090378,0.090378,QtGuid4,,0
ZdvRK10QTransformd,0.004999,0.017067,0.025592,0.087373,QtGuid4,[unknown],0
ZN14QPlainTextEdit6d_funcEv,0.006004,0.017022,0.030737,0.087143,QtGuid4,[unknown],0
ZN13QPainterStateC2Ev,0.000000,0.017004,0.000000,0.087051,QtGuid4,[unknown],0
ZN17QGraphicsTextItem11linkHoveredERK7QString,0.015008,0.016980,0.076832,0.086928,QtGuid4,[unknown],0
[68F5393B],0.016350,0.016350,0.083702,0.083702,QtGuid4,,0
ZN7QMatrixC1Eb,0.016054,0.016054,0.082187,0.082187,QtGuid4,[unknown],0
[68F536C7],0.016051,0.016051,0.082172,0.082172,QtGuid4,,0
ZNK9QTextLine4drawEP8QPainterRK7QPointFPKN11QTextLayout11FormatRangeE,0.000000,0.016022,0.000000,0.082023,QtGuid4,[unknown],0
[68F539A1],0.016019,0.016019,0.082008,0.082008,QtGuid4,,0
[68F53B62],0.016012,0.016012,0.081972,0.081972,QtGuid4,,0
[68F53751],0.016010,0.016010,0.081962,0.081962,QtGuid4,,0
ZN6QImageC1EiiNS_6FormatE,0.000000,0.016002,0.000000,0.081921,QtGuid4,[unknown],0
ZN10QImageData6createERK5QSizeN6QImage6FormatEi,0.000000,0.016002,0.000000,0.081921,QtGuid4,[unknown],0
[68F53E46],0.015987,0.015987,0.081844,0.081844,QtGuid4,,0
ZN10QTransformC1Eb,0.013985,0.015985,0.071595,0.081834,QtGuid4,[unknown],0
[68F5390B],0.015967,0.015967,0.081742,0.081742,QtGuid4,,0
[68F53827],0.015940,0.015940,0.081604,0.081604,QtGuid4,,0
ZNK20QGraphicsItemPrivate6q_funcEv,0.015075,0.015075,0.077175,0.077175,QtGuid4,[unknown],0
ZNK7QWidget6windowEv,0.004001,0.015026,0.020483,0.076924,QtGuid4,[unknown],0
ZN6QBrushC1EN2Qt11GlobalColorENS0_10BrushStyleE,0.003998,0.015018,0.020467,0.076883,QtGuid4,[unknown],0
[68F5898C],0.015009,0.015009,0.076837,0.076837,QtGuid4,,0
ZNK27QGraphicsSceneDragDropEvent6d_funcEv,0.014717,0.014717,0.075342,0.075342,QtGuid4,[unknown],0
[68F53CDA],0.014533,0.014533,0.074400,0.074400,QtGuid4,,0
[68F53A40],0.014052,0.014052,0.071938,0.071938,QtGuid4,,0
ZNK14QGraphicsScene6d_funcEv,0.008034,0.014051,0.041129,0.071933,QtGuid4,[unknown],0
[68F536EC],0.014045,0.014045,0.071902,0.071902,QtGuid4,,0
[68F5373D],0.014032,0.014032,0.071836,0.071836,QtGuid4,,0
[68F53764],0.014023,0.014023,0.071790,0.071790,QtGuid4,,0
ZNK7QBezier7shiftedEPS_idf,0.002000,0.014022,0.010239,0.071784,QtGuid4,[unknown],0
[68F53853],0.014015,0.014015,0.071749,0.071749,QtGuid4,,0
ZN13QPixmapFilter6d_funcEv,0.010007,0.014007,0.051230,0.071708,QtGuid4,[unknown],0
ZN8QPainter7restoreEv,0.000000,0.013997,0.000000,0.071656,QtGuid4,[unknown],0
ZN7QPixmapC1Ev,0.003994,0.013993,0.020447,0.071636,QtGuid4,[unknown],0
[68F5381F],0.013978,0.013978,0.071559,0.071559,QtGuid4,,0
[68F53A60],0.013978,0.013978,0.071559,0.071559,QtGuid4,,0
ZN18QGestureRecognizer20unregisterRecognizerEN2Qt11GestureTypeE,0.007967,0.013969,0.040786,0.071513,QtGuid4,[unknown],0
ZNK7QPixmap10pixmapDataEv,0.009958,0.013967,0.050979,0.071503,QtGuid4,[unknown],0
ZNK7QRegion7isEmptyEv,0.013073,0.013073,0.066926,0.066926,QtGuid4,[unknown],0
[68F58927],0.012981,0.012981,0.066455,0.066455,QtGuid4,,0
[68F58950],0.012936,0.012936,0.066225,0.066225,QtGuid4,,0
ZNK9QTextLine10textLengthEv,0.000000,0.012023,0.000000,0.061551,QtGuid4,[unknown],0
ZN8QPainter12drawTextItemERK7QPointFRK9QTextItem,0.000000,0.012023,0.000000,0.061551,QtGuid4,[unknown],0
ZNK7QBezier6boundsEv,0.000000,0.012022,0.000000,0.061546,QtGuid4,[unknown],0
[68F539D5],0.012022,0.012022,0.061546,0.061546,QtGuid4,,0
[68F53953],0.012018,0.012018,0.061525,0.061525,QtGuid4,,0
[68F53899],0.012016,0.012016,0.061515,0.061515,QtGuid4,,0
[68F53999],0.012014,0.012014,0.061505,0.061505,QtGuid4,,0
[68F53D9C],0.012002,0.012002,0.061443,0.061443,QtGuid4,,0
[68F53DD9],0.011977,0.011977,0.061315,0.061315,QtGuid4,,0
ZN12QPixmapCache3KeyD1Ev,0.011977,0.011977,0.061315,0.061315,QtGuid4,[unknown],0
ZNK13QGraphicsItem3posEv,0.011969,0.011969,0.061274,0.061274,QtGuid4,[unknown],0
[68F53E2F],0.011953,0.011953,0.061192,0.061192,QtGuid4,,0
[68F53DBF],0.011941,0.011941,0.061131,0.061131,QtGuid4,,0
[68F5397D],0.011795,0.011795,0.060384,0.060384,QtGuid4,,0
ZN18QGuiPlatformPlugin12platformHintENS_12PlatformHintE,0.002023,0.011078,0.010357,0.056713,QtGuid4,[unknown],0
ZNK6QImage7devTypeEv,0.011041,0.011041,0.056523,0.056523,QtGuid4,[unknown],0
ZNK7QWidget14isActiveWindowEv,0.000000,0.010966,0.000000,0.056140,QtGuid4,[unknown],0
ZNK7QMatrix3m22Ev,0.003021,0.010884,0.015466,0.055720,QtGuid4,[unknown],0
[68F53A7C],0.010044,0.010044,0.051419,0.051419,QtGuid4,,0
[68F58778],0.010021,0.010021,0.051302,0.051302,QtGuid4,,0
ZN17QRasterPixmapData4fillERK6QColor,0.000000,0.010006,0.000000,0.051225,QtGuid4,[unknown],0
ZN7QPixmap4fillERK6QColor,0.000000,0.010006,0.000000,0.051225,QtGuid4,[unknown],0
[68F58920],0.010005,0.010005,0.051220,0.051220,QtGuid4,,0
[68F53D96],0.010002,0.010002,0.051204,0.051204,QtGuid4,,0
[68F5378A],0.010002,0.010002,0.051204,0.051204,QtGuid4,,0
[68F53A70],0.010001,0.010001,0.051199,0.051199,QtGuid4,,0
[68F53E35],0.010000,0.010000,0.051194,0.051194,QtGuid4,,0
[68F53743],0.010000,0.010000,0.051194,0.051194,QtGuid4,,0
ZNK7QWidget12parentWidgetEv,0.001981,0.009999,0.010142,0.051189,QtGuid4,[unknown],0
[68F53AEC],0.009998,0.009998,0.051184,0.051184,QtGuid4,,0
ZN7QPixmapC1ERK5QSize,0.000000,0.009996,0.000000,0.051174,QtGuid4,[unknown],0
ZN10QImageDataC1Ev,0.000000,0.009996,0.000000,0.051174,QtGuid4,[unknown],0
ZN17QRasterPixmapData6resizeEii,0.000000,0.009996,0.000000,0.051174,QtGuid4,[unknown],0
ZN11QPixmapData6createEiiNS_9PixelTypeE,0.000000,0.009996,0.000000,0.051174,QtGuid4,[unknown],0
ZNK11QPixmapData6heightEv,0.009995,0.009995,0.051169,0.051169,QtGuid4,[unknown],0
ZN8QPainterD1Ev,0.000000,0.009990,0.000000,0.051143,QtGuid4,[unknown],0
[68F536BF],0.009989,0.009989,0.051138,0.051138,QtGuid4,,0
[68F53E3D],0.009987,0.009987,0.051128,0.051128,QtGuid4,,0
ZN6QLabel6d_funcEv,0.002000,0.009983,0.010239,0.051107,QtGuid4,[unknown],0
[68F53795],0.009974,0.009974,0.051061,0.051061,QtGuid4,,0
ZNK7QRegion10intersectsERKS_,0.009964,0.009964,0.051010,0.051010,QtGuid4,[unknown],0
ZNK21QGraphicsLinearLayout6d_funcEv,0.009933,0.009933,0.050851,0.050851,QtGuid4,[unknown],0
[68F536B6],0.009604,0.009604,0.049167,0.049167,QtGuid4,,0
ZN6QBrush4initERK6QColorN2Qt10BrushStyleE,0.000000,0.009031,0.000000,0.046233,QtGuid4,[unknown],0
ZN16QTextTableFormat27clearColumnWidthConstraintsEv,0.000000,0.009011,0.000000,0.046131,QtGuid4,[unknown],0
ZNK14QPaintEngineEx5stateEv,0.009006,0.009006,0.046105,0.046105,QtGuid4,[unknown],0
ZNK18QWindowsVistaStyle9styleHintEN6QStyle9StyleHintEPK12QStyleOptionPK7QWidgetP16QStyleHintReturn,0.000000,0.008999,0.000000,0.046070,QtGuid4,[unknown],0
ZNK18QGuiPlatformPlugin4keysEv,0.002001,0.008998,0.010244,0.046065,QtGuid4,[unknown],0
ZNK20QGraphicsItemPrivate21itemIsUntransformableEv,0.008986,0.008986,0.046003,0.046003,QtGuid4,[unknown],0
ZNK14QWidgetPrivate13paintOnScreenEv,0.000000,0.008033,0.000000,0.041124,QtGuid4,[unknown],0
ZN20QGraphicsViewPrivate21processPendingUpdatesEv,0.000000,0.008032,0.000000,0.041119,QtGuid4,[unknown],0
ZNK11QColumnView6d_funcEv,0.008000,0.008000,0.040955,0.040955,QtGuid4,[unknown],0
[68F58972],0.007998,0.007998,0.040945,0.040945,QtGuid4,,0
Z14qt_defaultDpiXv,0.000000,0.007995,0.000000,0.040930,QtGuid4,[unknown],0
[68F53E61],0.007991,0.007991,0.040909,0.040909,QtGuid4,,0
[68F53DD2],0.007986,0.007986,0.040884,0.040884,QtGuid4,,0
[68F5388C],0.007979,0.007979,0.040848,0.040848,QtGuid4,,0
ZN7QRegionC1Ev,0.007978,0.007978,0.040843,0.040843,QtGuid4,[unknown],0
[68F53E23],0.007964,0.007964,0.040771,0.040771,QtGuid4,,0
ZNK11QTextEngine5shapeEi,0.002000,0.007955,0.010239,0.040725,QtGuid4,[unknown],0
ZN12QApplication8winFocusEP7QWidgetb,0.000000,0.007953,0.000000,0.040715,QtGuid4,[unknown],0
[68F58916],0.007601,0.007601,0.038913,0.038913,QtGuid4,,0
ZNK14QWidgetPrivate22subtractOpaqueSiblingsER7QRegionPbb,0.001001,0.007051,0.005125,0.036097,QtGuid4,[unknown],0
ZN8QMdiArea11eventFilterEP7QObjectP6QEvent,0.004042,0.007043,0.020693,0.036056,QtGuid4,[unknown],0
[68F58932],0.007036,0.007036,0.036020,0.036020,QtGuid4,,0
ZNK14QWidgetPrivate8clipRectEv,0.003976,0.007002,0.020355,0.035846,QtGuid4,[unknown],0
ZNK20QGraphicsItemPrivate24combineOpacityFromParentEd,0.006998,0.006998,0.035826,0.035826,QtGuid4,[unknown],0
ZNK13QWindowsStyle9styleHintEN6QStyle9StyleHintEPK12QStyleOptionPK7QWidgetP16QStyleHintReturn,0.003000,0.006988,0.015358,0.035774,QtGuid4,[unknown],0
ZN12QApplication16winMouseButtonUpEv,0.000000,0.006954,0.000000,0.035600,QtGuid4,[unknown],0
ZN4QPen8data_ptrEv,0.006775,0.006775,0.034684,0.034684,QtGuid4,[unknown],0
[68F53A50],0.006322,0.006322,0.032365,0.032365,QtGuid4,,0
[68F53D89],0.006075,0.006075,0.031100,0.031100,QtGuid4,,0
[68F536B0],0.006054,0.006054,0.030993,0.030993,QtGuid4,,0
ZNK10QTransform2dxEv,0.006047,0.006047,0.030957,0.030957,QtGuid4,[unknown],0
[68F58984],0.006039,0.006039,0.030916,0.030916,QtGuid4,,0
[68F53E5E],0.006027,0.006027,0.030855,0.030855,QtGuid4,,0
[68F53DA5],0.006023,0.006023,0.030834,0.030834,QtGuid4,,0
ZN11QStrokerOps10emitLineToEdd,0.002021,0.006021,0.010346,0.030824,QtGuid4,[unknown],0
ZN14QLayoutPrivate6q_funcEv,0.000000,0.006016,0.000000,0.030798,QtGuid4,[unknown],0
ZNK6QImage12bytesPerLineEv,0.006012,0.006012,0.030778,0.030778,QtGuid4,[unknown],0
[68F53859],0.006010,0.006010,0.030768,0.030768,QtGuid4,,0
ZNK21QPaintEngineExPrivate17hasClipOperationsEv,0.004000,0.006001,0.020478,0.030722,QtGuid4,[unknown],0
[68F53DD0],0.006001,0.006001,0.030722,0.030722,QtGuid4,,0
[68F5392B],0.006001,0.006001,0.030722,0.030722,QtGuid4,,0
ZNK15QWindowsXPStyle9styleHintEN6QStyle9StyleHintEPK12QStyleOptionPK7QWidgetP16QStyleHintReturn,0.000000,0.006000,0.000000,0.030717,QtGuid4,[unknown],0
ZN7QRegionC1ERKS_,0.001999,0.005999,0.010234,0.030711,QtGuid4,[unknown],0
[68F5378D],0.005998,0.005998,0.030706,0.030706,QtGuid4,,0
ZNK7QPixmap4sizeEv,0.002000,0.005997,0.010239,0.030701,QtGuid4,[unknown],0
[68F53E29],0.005996,0.005996,0.030696,0.030696,QtGuid4,,0
ZNK17QRasterPixmapData11paintEngineEv,0.000000,0.005995,0.000000,0.030691,QtGuid4,[unknown],0
ZNK6QImage11paintEngineEv,0.000000,0.005995,0.000000,0.030691,QtGuid4,[unknown],0
ZNK7QPixmap11paintEngineEv,0.000000,0.005995,0.000000,0.030691,QtGuid4,[unknown],0
ZNK15QAbstractSlider6d_funcEv,0.127625,0.127625,0.653366,0.653366,QtGuid4,[unknown],0
ZN20QGraphicsItemPrivate32invalidateChildrenSceneTransformEv,0.001999,0.005988,0.010234,0.030655,QtGuid4,[unknown],0
[68F588AC],0.005986,0.005986,0.030645,0.030645,QtGuid4,,0
ZN5QFontC1Ev,0.000000,0.005984,0.000000,0.030635,QtGuid4,[unknown],0
[68F53C7E],0.005984,0.005984,0.030635,0.030635,QtGuid4,,0
[68F588F1],0.005982,0.005982,0.030624,0.030624,QtGuid4,,0
Z24qt_getRegisteredWndClassv,0.000000,19.532471,0.000000,99.994865,QtGuid4,[unknown],0
ZNK11QTextEngine21shapeTextWithHarfbuzzEi,0.003955,0.005955,0.020247,0.030486,QtGuid4,[unknown],0
ZNK11QTextEngine9shapeTextEi,0.000000,0.005955,0.000000,0.030486,QtGuid4,[unknown],0
[68F53761],0.005846,0.005846,0.029928,0.029928,QtGuid4,,0
ZN12QApplication4execEv,0.000000,19.532471,0.000000,99.994865,QtGuid4,[unknown],0
ZN6QColoraSERKS_,0.005033,0.005033,0.025766,0.025766,QtGuid4,[unknown],0
ZNK7QWidget13testAttributeEN2Qt15WidgetAttributeE,0.004029,0.005028,0.020626,0.025740,QtGuid4,[unknown],0
ZN7QRegionaNERK5QRect,0.002002,0.005015,0.010249,0.025674,QtGuid4,[unknown],0
ZN20QGraphicsItemPrivate3getEPK13QGraphicsItem,0.000000,0.005014,0.000000,0.025669,QtGuid4,[unknown],0
ZN9QGroupBox6d_funcEv,0.004999,0.004999,0.025592,0.025592,QtGuid4,[unknown],0
ZNK7QRegion10translatedERK6QPoint,0.000000,0.004999,0.000000,0.025592,QtGuid4,[unknown],0
[68F5890E],0.004997,0.004997,0.025582,0.025582,QtGuid4,,0
ZNK14QWidgetPrivate13sharedPainterEv,0.000000,0.004983,0.000000,0.025510,QtGuid4,[unknown],0
ZN19QTextDocumentLayout6d_funcEv,0.002970,0.004941,0.015205,0.025295,QtGuid4,[unknown],0
[68F53DAD],0.004086,0.004086,0.020918,0.020918,QtGuid4,,0
[68F53888],0.004028,0.004028,0.020621,0.020621,QtGuid4,,0
ZNK7QWidget18nativeParentWidgetEv,0.000000,0.004027,0.000000,0.020616,QtGuid4,[unknown],0
ZNK7QWidget13internalWinIdEv,0.004027,0.004027,0.020616,0.020616,QtGuid4,[unknown],0
ZN12QApplication6notifyEP7QObjectP6QEvent,0.004997,19.471642,0.025582,99.683456,QtGuid4,[unknown],0
[68F5356A],0.004014,0.004014,0.020549,0.020549,QtGuid4,,0
[68F58903],0.004012,0.004012,0.020539,0.020539,QtGuid4,,0
ZN19QApplicationPrivate13notify_helperEP7QObjectP6QEvent,0.000000,19.463631,0.000000,99.642445,QtGuid4,[unknown],0
ZN14QGraphicsScene5eventEP6QEvent,0.000000,19.447584,0.000000,99.560293,QtGuid4,[unknown],0
ZN14QGraphicsScene11qt_metacallEN11QMetaObject4CallEiPPv,0.001005,16.352391,0.005145,83.714709,QtGuid4,[unknown],0
ZNK7QWidget8isWindowEv,0.000000,0.004006,0.000000,0.020508,QtGuid4,[unknown],0
ZN20QGraphicsProxyWidget11qt_metacallEN11QMetaObject4CallEiPPv,0.038415,16.350386,0.196662,83.704445,QtGuid4,[unknown],0
[68F53C58],0.004003,0.004003,0.020493,0.020493,QtGuid4,,0
ZN20QGraphicsViewPrivate29dispatchPendingUpdateRequestsEv,0.000000,15.821480,0.000000,80.996755,QtGuid4,[unknown],0
ZNK11QPixmapData11runtimeDataEv,0.004003,0.004003,0.020493,0.020493,QtGuid4,[unknown],0
ZN11QTextEngine18positionInLigatureEPK11QScriptItemi6QFixedS3_ib,0.002000,0.004003,0.010239,0.020493,QtGuid4,[unknown],0
[68F53756],0.004002,0.004002,0.020488,0.020488,QtGuid4,,0
ZN7QWidget26customContextMenuRequestedERK6QPoint,0.001002,0.004001,0.005130,0.020483,QtGuid4,[unknown],0
ZNK6QImage5widthEv,0.004001,0.004001,0.020483,0.020483,QtGuid4,[unknown],0
[68F58756],0.004001,0.004001,0.020483,0.020483,QtGuid4,,0
[68F5377D],0.004000,0.004000,0.020478,0.020478,QtGuid4,,0
[68F53E55],0.004000,0.004000,0.020478,0.020478,QtGuid4,,0
ZN8QStroker10emitLineToEdd,0.000000,0.004000,0.000000,0.020478,QtGuid4,[unknown],0
ZN7QRegion7cleanUpEPNS_11QRegionDataE,0.000000,0.004000,0.000000,0.020478,QtGuid4,[unknown],0
ZN7QRegionaSERKS_,0.000000,0.004000,0.000000,0.020478,QtGuid4,[unknown],0
ZNK13QPixmapFilter6d_funcEv,0.004000,0.004000,0.020478,0.020478,QtGuid4,[unknown],0
ZNK10QWorkspace6d_funcEv,0.004000,0.004000,0.020478,0.020478,QtGuid4,[unknown],0
ZN14QTextTableCellaSERKS_,0.000000,0.003999,0.000000,0.020473,QtGuid4,[unknown],0
ZN11QMainWindow5eventEP6QEvent,0.000000,15.792511,0.000000,80.848450,QtGuid4,[unknown],0
ZNK11QPixmapData7classIdEv,0.003999,0.003999,0.020473,0.020473,QtGuid4,[unknown],0
[68F536D3],0.003999,0.003999,0.020473,0.020473,QtGuid4,,0
[68F58949],0.003999,0.003999,0.020473,0.020473,QtGuid4,,0
[68F58979],0.003998,0.003998,0.020467,0.020467,QtGuid4,,0
ZN8QPainter14setRenderHintsE6QFlagsINS_10RenderHintEEb,0.001999,0.003998,0.010234,0.020467,QtGuid4,[unknown],0
ZN14QWidgetPrivate16syncBackingStoreEv,0.000000,15.792511,0.000000,80.848450,QtGuid4,[unknown],0
ZN17QPixmapBlurFilter6d_funcEv,0.000000,0.003997,0.000000,0.020462,QtGuid4,[unknown],0
ZN21QPixmapColorizeFilter6d_funcEv,0.000000,0.003997,0.000000,0.020462,QtGuid4,[unknown],0
ZN12QPixmapCache6insertERK7QPixmap,0.000000,0.003997,0.000000,0.020462,QtGuid4,[unknown],0
ZN12QPaintEngineD2Ev,0.000000,0.003997,0.000000,0.020462,QtGuid4,[unknown],0
ZN14QPaintEngineEx6d_funcEv,0.000000,0.003997,0.000000,0.020462,QtGuid4,[unknown],0
[68F538B9],0.003997,0.003997,0.020462,0.020462,QtGuid4,,0
ZNK6QLabel6d_funcEv,0.001996,0.003996,0.010218,0.020457,QtGuid4,[unknown],0
ZN13QPainterStateD2Ev,0.001997,0.003995,0.010223,0.020452,QtGuid4,[unknown],0
ZN7QWidget5eventEP6QEvent,0.002025,15.792511,0.010367,80.848450,QtGuid4,[unknown],0
[68F588EB],0.003990,0.003990,0.020426,0.020426,QtGuid4,,0
ZNK12QCommonStyle9styleHintEN6QStyle9StyleHintEPK12QStyleOptionPK7QWidgetP16QStyleHintReturn,0.003988,0.003988,0.020416,0.020416,QtGuid4,[unknown],0
ZNK7QRegionanERK5QRect,0.000000,0.003988,0.000000,0.020416,QtGuid4,[unknown],0
ZNK7QRegion11intersectedERK5QRect,0.000000,0.003988,0.000000,0.020416,QtGuid4,[unknown],0
ZNK7QRegion9intersectERK5QRect,0.003001,0.003988,0.015363,0.020416,QtGuid4,[unknown],0
ZNK20QGraphicsItemPrivate20discardUpdateRequestEbbb,0.000000,0.003985,0.000000,0.020401,QtGuid4,[unknown],0
ZN12QApplication4fontEv,0.000000,0.003983,0.000000,0.020391,QtGuid4,[unknown],0
ZN12QLineControlD1Ev,0.003980,0.003980,0.020375,0.020375,QtGuid4,[unknown],0
ZN14QWidgetPrivate10scrollRectERK5QRectii,0.000999,15.790506,0.005114,80.838186,QtGuid4,[unknown],0
Z5qGrayj,0.001964,0.003971,0.010055,0.020329,QtGuid4,[unknown],0
ZN14QWidgetPrivate10drawWidgetEP12QPaintDeviceRK7QRegionRK6QPointiP8QPainterP19QWidgetBackingStore,0.001001,15.093808,0.005125,77.271498,QtGuid4,[unknown],0
ZNK13QGraphicsItem8isWidgetEv,0.001998,0.003970,0.010229,0.020324,QtGuid4,[unknown],0
ZN7QMatrixC1Eddddddb,0.003970,0.003970,0.020324,0.020324,QtGuid4,[unknown],0
ZN13QMdiSubWindow11eventFilterEP7QObjectP6QEvent,0.002001,0.003868,0.010244,0.019802,QtGuid4,[unknown],0
[68F5895B],0.003487,0.003487,0.017851,0.017851,QtGuid4,,0
ZN5QFontC1ERKS_,0.000000,0.003028,0.000000,0.015502,QtGuid4,[unknown],0
ZNK7QWidget5styleEv,0.002026,0.003028,0.010372,0.015502,QtGuid4,[unknown],0
ZNK7QRegion12boundingRectEv,0.002000,0.003028,0.010239,0.015502,QtGuid4,[unknown],0
Z17qt_win_display_dcv,0.000000,0.003016,0.000000,0.015440,QtGuid4,[unknown],0
ZN16QAccessibleEvent8setValueERK7QString,0.002000,14.071356,0.010239,72.037140,QtGuid4,[unknown],0
ZN13QGraphicsView13viewportEventEP6QEvent,0.001999,14.059320,0.010234,71.975523,QtGuid4,[unknown],0
ZN8QMenuBar11eventFilterEP7QObjectP6QEvent,0.000000,0.003012,0.000000,0.015420,QtGuid4,[unknown],0
ZN26QAbstractScrollAreaPrivate13viewportEventEP6QEvent,0.000000,14.059320,0.000000,71.975523,QtGuid4,[unknown],0
ZN24QStyleOptionGraphicsItemC1ERKS_,0.002000,14.059320,0.010239,71.975523,QtGuid4,[unknown],0
ZN19QAbstractScrollArea13viewportEventEP6QEvent,0.000000,14.055322,0.000000,71.955055,QtGuid4,[unknown],0
[68F58960],0.003005,0.003005,0.015384,0.015384,QtGuid4,,0
ZN20QGraphicsViewPrivate11updateRectFERK6QRectF,0.000000,0.003001,0.000000,0.015363,QtGuid4,[unknown],0
ZN15QListWidgetItem18setBackgroundColorERK6QColor,0.000000,0.003000,0.000000,0.015358,QtGuid4,[unknown],0
ZN6QFrame5eventEP6QEvent,0.001999,14.055296,0.010234,71.954922,QtGuid4,[unknown],0
ZN7QRegion6detachEv,0.000000,0.002999,0.000000,0.015353,QtGuid4,[unknown],0
ZN7QRegion9translateEii,0.000000,0.002999,0.000000,0.015353,QtGuid4,[unknown],0
ZNK7QRegion4copyEv,0.000000,0.002999,0.000000,0.015353,QtGuid4,[unknown],0
ZNK7QRegion10translatedEii,0.000000,0.002999,0.000000,0.015353,QtGuid4,[unknown],0
ZNK7QWidget6d_funcEv,0.000996,0.002996,0.005099,0.015338,QtGuid4,[unknown],0
ZN24QAccessibleTextInterfaceD1Ev,0.000998,0.002995,0.005109,0.015333,QtGuid4,[unknown],0
ZN12QPaintEngine6d_funcEv,0.001996,0.002995,0.010218,0.015333,QtGuid4,[unknown],0
ZN13QGraphicsView10paintEventEP11QPaintEvent,0.000000,14.053297,0.000000,71.944688,QtGuid4,[unknown],0
ZN14QGraphicsScene14drawForegroundEP8QPainterRK6QRectF,0.258595,13.981483,1.323856,71.577043,QtGuid4,[unknown],0
ZrsR11QDataStreamR12QPaintBuffer,0.220928,11.271011,1.131023,57.701006,QtGuid4,[unknown],0
ZN17QDataWidgetMapper6d_funcEv,0.000000,0.002982,0.000000,0.015266,QtGuid4,[unknown],0
ZN8QPainter10drawPixmapERK6QPointRK7QPixmap,0.012030,9.646243,0.061587,49.383141,QtGuid4,[unknown],0
ZN8QPainter10drawPixmapERK7QPointFRK7QPixmap,0.007972,9.588220,0.040812,49.086097,QtGuid4,[unknown],0
ZN14QGraphicsScene16selectionChangedEv,0.219215,3.579042,1.122253,18.322609,QtGuid4,[unknown],0
[68F53464],0.002297,0.002297,0.011759,0.011759,QtGuid4,,0
ZNK13QInputContext14standardFormatENS_14StandardFormatE,0.000000,0.002032,0.000000,0.010403,QtGuid4,[unknown],0
ZN14QGraphicsScene7advanceEv,0.041952,2.885973,0.214770,14.774499,QtGuid4,[unknown],0
ZN13QGraphicsItem6setPosERK7QPointF,0.022123,2.079582,0.113257,10.646248,QtGuid4,[unknown],0
ZN21QGraphicsEffectSource11qt_metacallEN11QMetaObject4CallEiPPv,0.774838,2.071431,3.966719,10.604519,QtGuid4,[unknown],0
[68F539F6],2.050606,2.050606,10.497907,10.497907,QtGuid4,,0
ZN20QGraphicsItemPrivate12setPosHelperERK7QPointF,0.016007,2.028400,0.081947,10.384226,QtGuid4,[unknown],0
ZNK5QFont7resolveERKS_,0.000000,0.002027,0.000000,0.010377,QtGuid4,[unknown],0
ZN8QPainter7setFontERK5QFont,0.000000,0.002027,0.000000,0.010377,QtGuid4,[unknown],0
ZN13QGraphicsItem21prepareGeometryChangeEv,0.010013,2.010392,0.051261,10.292035,QtGuid4,[unknown],0
ZNK5QIcon6pixmapEiiNS_4ModeENS_5StateE,1.328541,1.786347,6.801355,9.145055,QtGuid4,[unknown],0
ZN5QFont9setItalicEb,0.653926,0.958009,3.347720,4.904448,QtGuid4,[unknown],0
ZN6QBrushC1ERKS_,0.000000,0.002018,0.000000,0.010331,QtGuid4,[unknown],0
Z5qRgbaiiii,0.024042,0.925814,0.123081,4.739628,QtGuid4,[unknown],0
[68F5368A],0.002013,0.002013,0.010305,0.010305,QtGuid4,,0
ZN19QApplicationPrivate14sendMouseEventEP7QWidgetP11QMouseEventS1_S1_PS1_R8QPointerIS0_Eb,0.000000,0.002008,0.000000,0.010280,QtGuid4,[unknown],0
ZN17QTextInlineObjectC1EiP11QTextEngine,0.191386,0.920752,0.979785,4.713713,QtGuid4,[unknown],0
Z4qRedj,0.002007,0.002007,0.010275,0.010275,QtGuid4,[unknown],0
[68F58A16],0.002005,0.002005,0.010264,0.010264,QtGuid4,,0
[68F53527],0.002004,0.002004,0.010259,0.010259,QtGuid4,,0
[68F53729],0.002003,0.002003,0.010254,0.010254,QtGuid4,,0
ZN11QTextEngine7justifyERK11QScriptLine,0.000000,0.002003,0.000000,0.010254,QtGuid4,[unknown],0
ZN12QDashStroker5beginEPv,0.002003,0.002003,0.010254,0.010254,QtGuid4,[unknown],0
[68F539EC],0.002003,0.002003,0.010254,0.010254,QtGuid4,,0
ZNK7QWidget10windowTypeEv,0.000000,0.002003,0.000000,0.010254,QtGuid4,[unknown],0
ZN14QWidgetPrivate36invalidateGraphicsEffectsRecursivelyEv,0.000000,0.002002,0.000000,0.010249,QtGuid4,[unknown],0
ZNK7QBezier3pt1Ev,0.002002,0.002002,0.010249,0.010249,QtGuid4,[unknown],0
ZN12QPaintDeviceC2Ev,0.002002,0.002002,0.010249,0.010249,QtGuid4,[unknown],0
ZNK14QWidgetPrivate15paintBackgroundEP8QPainterRK7QRegioni,0.001002,0.912410,0.005130,4.671007,QtGuid4,[unknown],0
ZNK11QPixmapData6isNullEv,0.002002,0.002002,0.010249,0.010249,QtGuid4,[unknown],0
ZN7QPixmap4fillEPK7QWidgetRK6QPoint,0.001010,0.904403,0.005171,4.630016,QtGuid4,[unknown],0
ZN26QAbstractScrollAreaPrivate6q_funcEv,0.000000,0.002002,0.000000,0.010249,QtGuid4,[unknown],0
ZN13QWindowsStyle11eventFilterEP7QObjectP6QEvent,0.000000,0.002002,0.000000,0.010249,QtGuid4,[unknown],0
ZN6QStyle15visualAlignmentEN2Qt15LayoutDirectionE6QFlagsINS0_13AlignmentFlagEE,0.002002,0.002002,0.010249,0.010249,QtGuid4,[unknown],0
ZN11QPaintEventD1Ev,0.002002,0.002002,0.010249,0.010249,QtGuid4,[unknown],0
ZNK7QBezier12startTangentEv,0.000000,0.002002,0.000000,0.010249,QtGuid4,[unknown],0
ZNK13QWindowsStyle26standardIconImplementationEN6QStyle14StandardPixmapEPK12QStyleOptionPK7QWidget,0.002002,0.002002,0.010249,0.010249,QtGuid4,[unknown],0
ZNK7QPixmap6isNullEv,0.000000,0.002002,0.000000,0.010249,QtGuid4,[unknown],0
[68F536B9],0.002002,0.002002,0.010249,0.010249,QtGuid4,,0
ZN8QPainter8fillRectERK5QRectRK6QBrush,0.000000,0.902394,0.000000,4.619731,QtGuid4,[unknown],0
[68F532C8],0.002002,0.002002,0.010249,0.010249,QtGuid4,,0
[68F53CC2],0.002002,0.002002,0.010249,0.010249,QtGuid4,,0
[68F539DB],0.002002,0.002002,0.010249,0.010249,QtGuid4,,0
[68F588B3],0.002002,0.002002,0.010249,0.010249,QtGuid4,,0
ZNK7QWidget14graphicsEffectEv,0.000000,0.002002,0.000000,0.010249,QtGuid4,[unknown],0
[68F534FF],0.002002,0.002002,0.010249,0.010249,QtGuid4,,0
[68F533E7],0.002002,0.002002,0.010249,0.010249,QtGuid4,,0
[68F53D40],0.002001,0.002001,0.010244,0.010244,QtGuid4,,0
[68F53B2A],0.002001,0.002001,0.010244,0.010244,QtGuid4,,0
[68F53D9F],0.002001,0.002001,0.010244,0.010244,QtGuid4,,0
ZNK13QGraphicsView10mapToSceneERK5QRect,0.000000,0.002001,0.000000,0.010244,QtGuid4,[unknown],0
[68F53384],0.002001,0.002001,0.010244,0.010244,QtGuid4,,0
ZNK14QGraphicsScene5itemsEv,0.000000,0.714552,0.000000,3.658090,QtGuid4,[unknown],0
ZN22QAccessibleInterfaceEx14interface_castEN12QAccessible213InterfaceTypeE,0.002001,0.002001,0.010244,0.010244,QtGuid4,[unknown],0
[68F536A1],0.002001,0.002001,0.010244,0.010244,QtGuid4,,0
[68F532C0],0.002001,0.002001,0.010244,0.010244,QtGuid4,,0
[68F53E49],0.002001,0.002001,0.010244,0.010244,QtGuid4,,0
[68F58776],0.002001,0.002001,0.010244,0.010244,QtGuid4,,0
ZN9QPolygonFC1ERKS_,0.000000,0.002001,0.000000,0.010244,QtGuid4,[unknown],0
[68F53C9A],0.002001,0.002001,0.010244,0.010244,QtGuid4,,0
ZN20QRasterWindowSurface13prepareBufferEN6QImage6FormatEP7QWidget,0.001001,0.670569,0.005125,3.432922,QtGuid4,[unknown],0
ZN8QMdiArea6d_funcEv,0.002001,0.002001,0.010244,0.010244,QtGuid4,[unknown],0
[68F537DB],0.002001,0.002001,0.010244,0.010244,QtGuid4,,0
[68F53911],0.002001,0.002001,0.010244,0.010244,QtGuid4,,0
ZN6QImage4fillEj,0.000000,0.002001,0.000000,0.010244,QtGuid4,[unknown],0
[68F5375B],0.002001,0.002001,0.010244,0.010244,QtGuid4,,0
ZN5QFontD1Ev,0.000000,0.002001,0.000000,0.010244,QtGuid4,[unknown],0
ZN8QStroker10emitMoveToEdd,0.000000,0.002001,0.000000,0.010244,QtGuid4,[unknown],0
ZNK20QGraphicsItemPrivate22childrenCombineOpacityEv,0.000000,0.002001,0.000000,0.010244,QtGuid4,[unknown],0
Z14qt_defaultDpiYv,0.000000,0.002001,0.000000,0.010244,QtGuid4,[unknown],0
ZN11QStrokerOps10emitMoveToEdd,0.000000,0.002001,0.000000,0.010244,QtGuid4,[unknown],0
[68F587A7],0.002001,0.002001,0.010244,0.010244,QtGuid4,,0
ZN12QPixmapCache3KeyC1Ev,0.002001,0.002001,0.010244,0.010244,QtGuid4,[unknown],0
ZNK6QImage6metricEN12QPaintDevice17PaintDeviceMetricE,0.002000,0.002000,0.010239,0.010239,QtGuid4,[unknown],0
ZNK7QRegion9rectCountEv,0.002000,0.002000,0.010239,0.010239,QtGuid4,[unknown],0
[68F536E2],0.002000,0.002000,0.010239,0.010239,QtGuid4,,0
ZN10QTransform9translateEdd,0.002000,0.002000,0.010239,0.010239,QtGuid4,[unknown],0
[68F58989],0.002000,0.002000,0.010239,0.010239,QtGuid4,,0
[68F53864],0.002000,0.002000,0.010239,0.010239,QtGuid4,,0
[68F587E8],0.002000,0.002000,0.010239,0.010239,QtGuid4,,0
[68F53A94],0.002000,0.002000,0.010239,0.010239,QtGuid4,,0
[68F5893A],0.002000,0.002000,0.010239,0.010239,QtGuid4,,0
[68F538D9],0.002000,0.002000,0.010239,0.010239,QtGuid4,,0
ZN20QRasterWindowSurface5flushEP7QWidgetRK7QRegionRK6QPoint,0.000000,0.650574,0.000000,3.330560,QtGuid4,[unknown],0
[68F589AD],0.002000,0.002000,0.010239,0.010239,QtGuid4,,0
ZN11QPaintEventC1ERK7QRegion,0.000000,0.002000,0.000000,0.010239,QtGuid4,[unknown],0
ZNK8QPainter9transformEv,0.000000,0.002000,0.000000,0.010239,QtGuid4,[unknown],0
ZN14QPaintEngineEx6strokeERK11QVectorPathRK4QPen,0.005983,0.524894,0.030629,2.687151,QtGuid4,[unknown],0
ZN13QGraphicsView14drawForegroundEP8QPainterRK6QRectF,0.001973,0.506865,0.010101,2.594853,QtGuid4,[unknown],0
Z6qAlphaj,0.002000,0.002000,0.010239,0.010239,QtGuid4,[unknown],0
ZN11QTextLayout10createLineEv,0.000000,0.002000,0.000000,0.010239,QtGuid4,[unknown],0
ZN8QPainter9drawRectsEPK6QRectFi,0.000000,0.496897,0.000000,2.543823,QtGuid4,[unknown],0
[68F53D91],0.002000,0.002000,0.010239,0.010239,QtGuid4,,0
ZN8QPainter17setWorldTransformERK10QTransformb,0.028618,0.438447,0.146507,2.244593,QtGuid4,[unknown],0
[68F536AB],0.002000,0.002000,0.010239,0.010239,QtGuid4,,0
ZNK6QImage6heightEv,0.002000,0.002000,0.010239,0.010239,QtGuid4,[unknown],0
ZN4QPenaSERKS_,0.000000,0.002000,0.000000,0.010239,QtGuid4,[unknown],0
ZNK14QPlainTextEdit6d_funcEv,0.388276,0.415263,1.987747,2.125904,QtGuid4,[unknown],0
[68F53BF8],0.002000,0.002000,0.010239,0.010239,QtGuid4,,0
[68F587BD],0.002000,0.002000,0.010239,0.010239,QtGuid4,,0
[68F53C40],0.001999,0.001999,0.010234,0.010234,QtGuid4,,0
[68F589D9],0.001999,0.001999,0.010234,0.010234,QtGuid4,,0
[68F53A9C],0.001999,0.001999,0.010234,0.010234,QtGuid4,,0
[68F535C8],0.001999,0.001999,0.010234,0.010234,QtGuid4,,0
ZN17QRasterPixmapData6bufferEv,0.000000,0.001999,0.000000,0.010234,QtGuid4,[unknown],0
[68F58730],0.001999,0.001999,0.010234,0.010234,QtGuid4,,0
[68F5887F],0.001999,0.001999,0.010234,0.010234,QtGuid4,,0
ZNK8QPrinter15isOptionEnabledENS_13PrinterOptionE,0.029976,0.394892,0.153460,2.021617,QtGuid4,[unknown],0
[68F5878B],0.001999,0.001999,0.010234,0.010234,QtGuid4,,0
ZN6QBrushC1Ev,0.000000,0.001999,0.000000,0.010234,QtGuid4,[unknown],0
[68F53240],0.001999,0.001999,0.010234,0.010234,QtGuid4,,0
[68F532CC],0.001999,0.001999,0.010234,0.010234,QtGuid4,,0
ZN11QStrokerOps30setCurveThresholdFromTransformERK10QTransform,0.001999,0.001999,0.010234,0.010234,QtGuid4,[unknown],0
ZN20QGraphicsItemPrivate15markParentDirtyEb,0.001999,0.001999,0.010234,0.010234,QtGuid4,[unknown],0
ZNK4QPen6widthFEv,0.001999,0.001999,0.010234,0.010234,QtGuid4,[unknown],0
ZNK12QFontPrivate13smallCapsFontEv,0.001999,0.001999,0.010234,0.010234,QtGuid4,[unknown],0
ZNK11QVectorPath16controlPointRectEv,0.001999,0.001999,0.010234,0.010234,QtGuid4,[unknown],0
ZN11QVectorPathD1Ev,0.001999,0.001999,0.010234,0.010234,QtGuid4,[unknown],0
ZN32QAccessibleEditableTextInterfaceD2Ev,0.135952,0.344049,0.695995,1.761330,QtGuid4,[unknown],0
ZN12QPaintEngine14setPaintDeviceEP12QPaintDevice,0.001999,0.001999,0.010234,0.010234,QtGuid4,[unknown],0
[68F538A1],0.001999,0.001999,0.010234,0.010234,QtGuid4,,0
[68F53E4F],0.001999,0.001999,0.010234,0.010234,QtGuid4,,0
[68F5386A],0.001999,0.001999,0.010234,0.010234,QtGuid4,,0
ZN14QWindowSurface8endPaintERK7QRegion,0.000000,0.001999,0.000000,0.010234,QtGuid4,[unknown],0
[68F538D5],0.001999,0.001999,0.010234,0.010234,QtGuid4,,0
[68F5336E],0.001999,0.001999,0.010234,0.010234,QtGuid4,,0
[68F538C5],0.001999,0.001999,0.010234,0.010234,QtGuid4,,0
ZNK10QTransform10isIdentityEv,0.000999,0.001999,0.005114,0.010234,QtGuid4,[unknown],0
[68F53862],0.001999,0.001999,0.010234,0.010234,QtGuid4,,0
ZNK11QTextEngine12shapedGlyphsEPK11QScriptItem,0.000000,0.001999,0.000000,0.010234,QtGuid4,[unknown],0
[68F53959],0.001999,0.001999,0.010234,0.010234,QtGuid4,,0
ZN11QTextLayout8setFlagsEi,0.000000,0.001999,0.000000,0.010234,QtGuid4,[unknown],0
[68F533FB],0.001998,0.001998,0.010229,0.010229,QtGuid4,,0
[68F53880],0.001998,0.001998,0.010229,0.010229,QtGuid4,,0
[68F53917],0.001998,0.001998,0.010229,0.010229,QtGuid4,,0
[68F5879C],0.001998,0.001998,0.010229,0.010229,QtGuid4,,0
[68F53CBA],0.001998,0.001998,0.010229,0.010229,QtGuid4,,0
[68F58A0A],0.001998,0.001998,0.010229,0.010229,QtGuid4,,0
ZNK10QTransform2dyEv,0.001998,0.001998,0.010229,0.010229,QtGuid4,[unknown],0
ZNK11QPixmapData5widthEv,0.001998,0.001998,0.010229,0.010229,QtGuid4,[unknown],0
ZN23QPixmapDropShadowFilter6d_funcEv,0.000000,0.001998,0.000000,0.010229,QtGuid4,[unknown],0
[68F53469],0.001998,0.001998,0.010229,0.010229,QtGuid4,,0
ZN6QBrushaSERKS_,0.000000,0.001998,0.000000,0.010229,QtGuid4,[unknown],0
[68F538DE],0.001997,0.001997,0.010223,0.010223,QtGuid4,,0
[68F53711],0.001997,0.001997,0.010223,0.010223,QtGuid4,,0
ZN8QPainter6setPenERK4QPen,0.000000,0.001997,0.000000,0.010223,QtGuid4,[unknown],0
ZN6QBrushD1Ev,0.000000,0.001997,0.000000,0.010223,QtGuid4,[unknown],0
[68F53DC8],0.001992,0.001992,0.010198,0.010198,QtGuid4,,0
ZN6QColorC1EN2Qt11GlobalColorE,0.001989,0.001989,0.010183,0.010183,QtGuid4,[unknown],0
[68F5345A],0.001988,0.001988,0.010177,0.010177,QtGuid4,,0
[68F58797],0.001987,0.001987,0.010172,0.010172,QtGuid4,,0
[68F589FB],0.001986,0.001986,0.010167,0.010167,QtGuid4,,0
ZNK20QGraphicsItemPrivate18isFullyTransparentEv,0.000000,0.001984,0.000000,0.010157,QtGuid4,[unknown],0
ZNK20QGraphicsItemPrivate13isOpacityNullEv,0.001984,0.001984,0.010157,0.010157,QtGuid4,[unknown],0
ZN14QPaintEngineEx11updateStateERK17QPaintEngineState,0.029608,0.329250,0.151576,1.685568,QtGuid4,[unknown],0
ZN8QMenuBar6d_funcEv,0.001981,0.001981,0.010142,0.010142,QtGuid4,[unknown],0
[68F4E16F],0.000000,0.001975,0.000000,0.010111,QtGuid4,,0
[68F525B9],0.000000,0.001975,0.000000,0.010111,QtGuid4,,0
ZN19QApplicationPrivate18dispatchEnterLeaveEP7QWidgetS1_,0.000000,0.001973,0.000000,0.010101,QtGuid4,[unknown],0
ZNK9QLineEdit6d_funcEv,0.296095,0.296095,1.515834,1.515834,QtGuid4,[unknown],0
ZN38QAccessibleSimpleEditableTextInterface13setAttributesEiiRK7QString,0.002040,0.284686,0.010444,1.457426,QtGuid4,[unknown],0
ZNK4QCss6Parser7hasNextEv,0.114716,0.259689,0.587279,1.329456,QtGuid4,[unknown],0
[68F537BB],0.255106,0.255106,1.305994,1.305994,QtGuid4,,0
ZN13QGraphicsView6d_funcEv,0.000000,0.001972,0.000000,0.010095,QtGuid4,[unknown],0
[68F53A74],0.001971,0.001971,0.010090,0.010090,QtGuid4,,0
[68F589E5],0.001953,0.001953,0.009998,0.009998,QtGuid4,,0
[68F53843],0.222673,0.222673,1.139956,1.139956,QtGuid4,,0
ZNK6QMovie6d_funcEv,0.128522,0.210793,0.657958,1.079137,QtGuid4,[unknown],0
ZN10QWhatsThis12createActionEP7QObject,0.001049,0.001049,0.005370,0.005370,QtGuid4,[unknown],0
ZNK11QProxyStyle27layoutSpacingImplementationEN11QSizePolicy11ControlTypeES1_N2Qt11OrientationEPK12QStyleOptionPK7QWidget,0.001033,0.001033,0.005288,0.005288,QtGuid4,[unknown],0
ZNK19QAbstractScrollArea8viewportEv,0.000000,0.001033,0.000000,0.005288,QtGuid4,[unknown],0
ZNK18QWindowsVistaStyle26standardIconImplementationEN6QStyle14StandardPixmapEPK12QStyleOptionPK7QWidget,0.001011,0.001011,0.005176,0.005176,QtGuid4,[unknown],0
ZNK8QPicture6d_funcEv,0.001007,0.001007,0.005155,0.005155,QtGuid4,[unknown],0
ZNK20QGraphicsItemPrivate14extraItemCacheEv,0.008000,0.196925,0.040955,1.008141,QtGuid4,[unknown],0
ZN12QPixmapCache4findERKNS_3KeyEP7QPixmap,0.000000,0.185842,0.000000,0.951403,QtGuid4,[unknown],0
ZN4QCss6SymbolC1Ev,0.052978,0.182447,0.271216,0.934022,QtGuid4,[unknown],0
ZNK14QWindowSurface8geometryEv,0.001005,0.001005,0.005145,0.005145,QtGuid4,[unknown],0
ZN10QTransformaSERKS_,0.173943,0.173943,0.890487,0.890487,QtGuid4,[unknown],0
[68F53807],0.168593,0.168593,0.863098,0.863098,QtGuid4,,0
ZNK8QPainter11brushOriginEv,0.000000,0.001003,0.000000,0.005135,QtGuid4,[unknown],0
ZNK14QLayoutPrivate6q_funcEv,0.001002,0.001002,0.005130,0.005130,QtGuid4,[unknown],0
ZN12QApplication5styleEv,0.001002,0.001002,0.005130,0.005130,QtGuid4,[unknown],0
Z17qt_widget_privateP7QWidget,0.001001,0.001001,0.005125,0.005125,QtGuid4,[unknown],0
ZNK14QWidgetPrivate12maybeTopDataEv,0.001001,0.001001,0.005125,0.005125,QtGuid4,[unknown],0
ZN26QStyleOptionQ3ListViewItemC1ERKS_,0.001001,0.001001,0.005125,0.005125,QtGuid4,[unknown],0
ZN7QRegionC1ERK5QRectNS_10RegionTypeE,0.001001,0.001001,0.005125,0.005125,QtGuid4,[unknown],0
ZNK4QPen5brushEv,0.000000,0.001001,0.000000,0.005125,QtGuid4,[unknown],0
ZNK20QGraphicsViewPrivate14verticalScrollEv,0.001000,0.001000,0.005119,0.005119,QtGuid4,[unknown],0
ZNK7QWidget1xEv,0.000000,0.001000,0.000000,0.005119,QtGuid4,[unknown],0
ZN12QPainterPathC1Ev,0.000000,0.001000,0.000000,0.005119,QtGuid4,[unknown],0
[68F53AB0],0.168538,0.168538,0.862816,0.862816,QtGuid4,,0
ZN11QSpacerItemC1EiiN11QSizePolicy6PolicyES1_,0.021988,0.167981,0.112566,0.859965,QtGuid4,[unknown],0
ZNK15QWindowsXPStyle6d_funcEv,0.001000,0.001000,0.005119,0.005119,QtGuid4,[unknown],0
ZNK15QTreeWidgetItem8isHiddenEv,0.001000,0.001000,0.005119,0.005119,QtGuid4,[unknown],0
[68F5896C],0.167076,0.167076,0.855332,0.855332,QtGuid4,,0
ZN4QPenC1Ev,0.001000,0.001000,0.005119,0.005119,QtGuid4,[unknown],0
[68F53847],0.163393,0.163393,0.836477,0.836477,QtGuid4,,0
[68F5382F],0.152062,0.152062,0.778469,0.778469,QtGuid4,,0
ZNK20QGraphicsItemPrivate5extraENS_5ExtraE,0.040016,0.146066,0.204859,0.747773,QtGuid4,[unknown],0
ZNK20QGraphicsItemPrivate15initStyleOptionEP24QStyleOptionGraphicsItemRK10QTransformRK7QRegionb,0.011999,0.144274,0.061428,0.738599,QtGuid4,[unknown],0
ZNK7QWidget20testAttribute_helperEN2Qt15WidgetAttributeE,0.000999,0.000999,0.005114,0.005114,QtGuid4,[unknown],0
ZN12QApplication16saveStateRequestER15QSessionManager,0.000999,0.000999,0.005114,0.005114,QtGuid4,[unknown],0
[68F58897],0.000999,0.000999,0.005114,0.005114,QtGuid4,,0
ZN7QLayout11widgetEventEP6QEvent,0.000999,0.000999,0.005114,0.005114,QtGuid4,[unknown],0
ZNK7QWidget5mapToEPS_RK6QPoint,0.000000,0.000999,0.000000,0.005114,QtGuid4,[unknown],0
ZNK7QRegion5rectsEv,0.000000,0.000999,0.000000,0.005114,QtGuid4,[unknown],0
Z17qHasPixmapTextureRK6QBrush,0.000999,0.000999,0.005114,0.005114,QtGuid4,[unknown],0
ZN20QRasterWindowSurface10beginPaintERK7QRegion,0.000000,0.000999,0.000000,0.005114,QtGuid4,[unknown],0
ZN21QGraphicsLinearLayout6d_funcEv,0.067801,0.140678,0.347102,0.720189,QtGuid4,[unknown],0
ZN12QPixmapCache3KeyaSERKS0_,0.028035,0.137995,0.143523,0.706454,QtGuid4,[unknown],0
[68F53B6A],0.128065,0.128065,0.655618,0.655618,QtGuid4,,0
ZN7QAction9activatedEi,0.000999,0.000999,0.005114,0.005114,QtGuid4,[unknown],0
ZN7QWidget4findEP6HWND__,0.000000,0.000999,0.000000,0.005114,QtGuid4,[unknown],0
ZN7QLayout6d_funcEv,0.000999,0.000999,0.005114,0.005114,QtGuid4,[unknown],0
ZN12QApplication6d_funcEv,0.000000,0.000999,0.000000,0.005114,QtGuid4,[unknown],0
ZNK14QWindowSurface6windowEv,0.000999,0.000999,0.005114,0.005114,QtGuid4,[unknown],0
ZNK6QImage6formatEv,0.042002,0.042002,0.215026,0.215026,QtGuid4,[unknown],0
ZThn8_NK7QWidget7devTypeEv,0.000998,0.000998,0.005109,0.005109,QtGuid4,[unknown],0
ZN15QTreeWidgetItem7setTextEiRK7QString,0.000997,0.000997,0.005104,0.005104,QtGuid4,[unknown],0
ZN6QColorC1ERKS_,0.000996,0.000996,0.005099,0.005099,QtGuid4,[unknown],0
ZNK7QWidget14foregroundRoleEv,0.000000,0.000996,0.000000,0.005099,QtGuid4,[unknown],0
ZN7QRegionpLERKS_,0.000985,0.000985,0.005043,0.005043,QtGuid4,[unknown],0
ZN7QWidget12setAttributeEN2Qt15WidgetAttributeEb,0.000975,0.000975,0.004991,0.004991,QtGuid4,[unknown],0
GetUserObjectInformationW,0.000000,0.006963,0.000000,0.035647,USER32,[unknown],0
RegisterClassW,0.000000,0.006963,0.000000,0.035647,USER32,[unknown],0
CallNextHookEx,0.001000,0.006963,0.005119,0.035647,USER32,[unknown],0
GetDC,0.033998,0.033998,0.174050,0.174050,USER32,[unknown],0
IsWindowInDestroy,0.012078,0.012078,0.061832,0.061832,USER32,[unknown],0
TranslateAcceleratorW,0.007984,0.007984,0.040873,0.040873,USER32,[unknown],0
PeekMessageW,0.025842,0.034837,0.132296,0.178345,USER32,[unknown],0
GetPropW,0.002032,0.002032,0.010403,0.010403,USER32,[unknown],0
GetThreadDesktop,0.000000,19.486627,0.000000,99.760171,USER32,[unknown],0
MsgWaitForMultipleObjectsEx,0.001001,0.001001,0.005125,0.005125,USER32,[unknown],0
CharPrevW,0.000000,19.486627,0.000000,99.760171,USER32,[unknown],0
DispatchMessageW,0.001000,19.487627,0.005119,99.765290,USER32,[unknown],0
gapfnScSendMessage,0.007993,19.492620,0.040920,99.790851,USER32,[unknown],0
IsChild,0.000978,0.000978,0.005007,0.005007,USER32,[unknown],0
BaseThreadInitThunk,0.000000,19.532471,0.000000,99.994865,kernel32,[unknown],0
TlsGetValue,0.002996,0.002996,0.015338,0.015338,kernel32,[unknown],0
memmove,0.022893,0.022893,0.117199,0.117199,msvcrt,[unknown],0
wcsncpy_s,0.004004,0.004004,0.020498,0.020498,msvcrt,[unknown],0
realloc,0.026942,0.026942,0.137927,0.137927,msvcrt,[unknown],0
floor,0.088977,0.088977,0.455510,0.455510,msvcrt,[unknown],0
free,0.011983,0.011983,0.061346,0.061346,msvcrt,[unknown],0
memcpy,0.002011,0.002011,0.010295,0.010295,msvcrt,[unknown],0
memset,0.003010,0.003010,0.015409,0.015409,msvcrt,[unknown],0
wcsnicmp,0.002009,0.002009,0.010285,0.010285,msvcrt,[unknown],0
ceil,0.060716,0.060716,0.310831,0.310831,msvcrt,[unknown],0
_p__iob,0.006053,0.006053,0.030988,0.030988,msvcrt,[unknown],0
malloc,0.022082,0.022082,0.113047,0.113047,msvcrt,[unknown],0
swprintf_s,0.006029,0.006029,0.030865,0.030865,msvcrt,[unknown],0
RtlFreeHeap,0.000000,0.001003,0.000000,0.005135,ntdll,[unknown],0
RtlInitializeExceptionChain,0.000000,19.532471,0.000000,99.994865,ntdll,[unknown],0
KiUserCallbackDispatcher,0.000000,0.008995,0.000000,0.046049,ntdll,[unknown],0
RtlAllocateHeap,0.000000,0.001003,0.000000,0.005135,ntdll,[unknown],0
RtlReAllocateHeap,0.000000,0.001003,0.000000,0.005135,ntdll,[unknown],0
RtlInitUnicodeString,0.000000,0.001003,0.000000,0.005135,ntdll,[unknown],0
CpuSuspendLocalThread,0.001999,0.001999,0.010234,0.010234,wow64cpu,[unknown],0
